Datetime,Open,High,Low,Close,Adj Close,Volume,marketCycle
2024-04-04 13:30:00+00:00,155.14999389648438,155.44000244140625,153.77000427246094,154.55999755859375,154.55999755859375,7111687.0,
2024-04-04 14:30:00+00:00,154.57000732421875,155.4199981689453,154.52999877929688,155.1999969482422,155.1999969482422,1939794.0,
2024-04-04 15:30:00+00:00,155.1999969482422,156.1699981689453,155.1999969482422,155.88999938964844,155.88999938964844,1795037.0,
2024-04-04 16:30:00+00:00,155.89500427246094,155.91000366210938,155.5299072265625,155.7899932861328,155.7899932861328,1046606.0,
2024-04-04 17:30:00+00:00,155.7899932861328,155.91000366210938,154.1199951171875,154.1699981689453,154.1699981689453,1756678.0,
2024-04-04 18:30:00+00:00,154.1699981689453,154.27999877929688,152.52499389648438,152.5800018310547,152.5800018310547,3562460.0,
2024-04-04 19:30:00+00:00,152.55999755859375,152.64999389648438,151.8800048828125,151.9600067138672,151.9600067138672,3189488.0,
2024-04-05 13:30:00+00:00,151.49000549316406,154.22000122070312,151.08099365234375,153.47000122070312,153.47000122070312,4474740.0,
2024-04-05 14:30:00+00:00,153.48199462890625,154.39500427246094,153.41000366210938,154.0800018310547,154.0800018310547,1747869.0,
2024-04-05 15:30:00+00:00,154.0800018310547,154.83999633789062,154.0399932861328,154.5050048828125,154.5050048828125,1399927.0,
2024-04-05 16:30:00+00:00,154.52499389648438,154.73219299316406,154.30999755859375,154.64999389648438,154.64999389648438,1345916.0,
2024-04-05 17:30:00+00:00,154.65499877929688,154.7949981689453,153.83999633789062,153.92999267578125,153.92999267578125,1459111.0,
2024-04-05 18:30:00+00:00,153.94000244140625,154.19000244140625,153.51499938964844,153.63999938964844,153.63999938964844,1514072.0,
2024-04-05 19:30:00+00:00,153.63999938964844,154.19000244140625,153.60499572753906,153.8800048828125,153.8800048828125,1958128.0,
2024-04-08 13:30:00+00:00,153.99000549316406,156.44500732421875,153.99000549316406,156.17999267578125,156.17999267578125,4368152.0,
2024-04-08 14:30:00+00:00,156.1699981689453,156.6510009765625,156.10000610351562,156.32000732421875,156.32000732421875,2046994.0,74.55749884778997
2024-04-08 15:30:00+00:00,156.30999755859375,156.3699951171875,155.38999938964844,155.6699981689453,155.6699981689453,1621984.0,72.72961080826096
2024-04-08 16:30:00+00:00,155.6699981689453,156.26499938964844,155.6199951171875,156.11000061035156,156.11000061035156,1094950.0,76.70967538895538
2024-04-08 17:30:00+00:00,156.11000061035156,156.11000061035156,155.64999389648438,156.02000427246094,156.02000427246094,887395.0,74.20012143513455
2024-04-08 18:30:00+00:00,156.0050048828125,156.20989990234375,155.74000549316406,156.19500732421875,156.19500732421875,933198.0,76.18495701178992
2024-04-08 19:30:00+00:00,156.19000244140625,156.42999267578125,156.00999450683594,156.19000244140625,156.19000244140625,2643252.0,75.69450235606845
2024-04-09 13:30:00+00:00,157.44000244140625,159.88999938964844,157.39999389648438,158.1699981689453,158.1699981689453,6695646.0,83.88914233758865
2024-04-09 14:30:00+00:00,158.19000244140625,158.44000244140625,156.83999633789062,156.88499450683594,156.88499450683594,2868227.0,72.94667335724569
2024-04-09 15:30:00+00:00,156.88499450683594,158.3699951171875,156.75999450683594,158.27000427246094,158.27000427246094,2585092.0,79.70740343721519
2024-04-09 16:30:00+00:00,158.27999877929688,158.68499755859375,157.99000549316406,158.05999755859375,158.05999755859375,1731234.0,76.79119944426486
2024-04-09 17:30:00+00:00,158.05999755859375,158.22000122070312,157.35000610351562,157.41000366210938,157.41000366210938,1452669.0,69.34210710654696
2024-04-09 18:30:00+00:00,157.41000366210938,157.76980590820312,156.63999938964844,157.74000549316406,157.74000549316406,1890077.0,65.17798597470009
2024-04-09 19:30:00+00:00,157.72999572753906,158.19500732421875,157.66000366210938,158.14999389648438,158.14999389648438,2194810.0,70.09430194469894
2024-04-10 13:30:00+00:00,157.8699951171875,158.14999389648438,156.22999572753906,156.88999938964844,156.88999938964844,4578364.0,53.07047143502886
2024-04-10 14:30:00+00:00,156.89999389648438,157.33999633789062,156.1999969482422,156.66000366210938,156.66000366210938,1939401.0,42.896321160225675
2024-04-10 15:30:00+00:00,156.67999267578125,157.14500427246094,156.32000732421875,157.07989501953125,157.07989501953125,1222072.0,45.60136277029666
2024-04-10 16:30:00+00:00,157.0850067138672,157.8350067138672,156.4499969482422,157.4499969482422,157.4499969482422,1736373.0,54.44378542568245
2024-04-10 17:30:00+00:00,157.42999267578125,157.97000122070312,156.9001007080078,157.42999267578125,157.42999267578125,1849000.0,55.33311330003494
2024-04-10 18:30:00+00:00,157.44000244140625,158.13999938964844,157.1699981689453,157.66000366210938,157.66000366210938,1559047.0,65.12001057636539
2024-04-10 19:30:00+00:00,157.64999389648438,157.9600067138672,157.26499938964844,157.60000610351562,157.60000610351562,1398047.0,67.28810522217927
2024-04-11 13:30:00+00:00,158.35000610351562,159.32000732421875,157.92999267578125,158.00999450683594,158.00999450683594,3659070.0,76.5635991664436
2024-04-11 14:30:00+00:00,158.00999450683594,159.0800018310547,158.0,158.9709930419922,158.9709930419922,1637735.0,84.41326536666467
2024-04-11 15:30:00+00:00,158.97999572753906,159.8000030517578,158.86000061035156,159.47000122070312,159.47000122070312,1597797.0,89.8314989386416
2024-04-11 16:30:00+00:00,159.5023956298828,160.25999450683594,159.14999389648438,160.0500030517578,160.0500030517578,1820378.0,92.38653286142976
2024-04-11 17:30:00+00:00,160.05499267578125,160.66990661621094,160.0500030517578,160.65499877929688,160.65499877929688,1774697.0,94.94897342371026
2024-04-11 18:30:00+00:00,160.64999389648438,161.0449981689453,160.50999450683594,160.6699981689453,160.6699981689453,2036192.0,95.54994507186105
2024-04-11 19:30:00+00:00,160.6750030517578,161.11990356445312,160.61000061035156,160.77999877929688,160.77999877929688,2103609.0,96.10378075860302
2024-04-12 13:30:00+00:00,159.5,161.6999969482422,159.4600067138672,160.41000366210938,160.41000366210938,4689587.0,87.86266819795037
2024-04-12 14:30:00+00:00,160.39999389648438,160.39999389648438,158.83999633789062,159.85000610351562,159.85000610351562,2128635.0,75.60525034435098
2024-04-12 15:30:00+00:00,159.85000610351562,160.23500061035156,159.53500366210938,159.6300048828125,159.6300048828125,1262809.0,63.70114446245835
2024-04-12 16:30:00+00:00,159.6300048828125,159.80999755859375,158.60000610351562,158.6999969482422,158.6999969482422,1411898.0,44.839523741258304
2024-04-12 17:30:00+00:00,158.6699981689453,159.2899932861328,158.60000610351562,159.0500030517578,159.0500030517578,1368820.0,38.184969634503574
2024-04-12 18:30:00+00:00,159.05999755859375,159.1999969482422,158.6300048828125,158.7899932861328,158.7899932861328,1348462.0,31.939348221150063
2024-04-12 19:30:00+00:00,158.7899932861328,159.25,158.6300048828125,159.24000549316406,159.24000549316406,1762723.0,37.735946787017426
2024-04-15 13:30:00+00:00,159.67999267578125,160.8300018310547,159.0399932861328,159.94000244140625,159.94000244140625,5163096.0,47.587710606296454
2024-04-15 14:30:00+00:00,159.92999267578125,160.30999755859375,159.4600067138672,160.0800018310547,160.0800018310547,1948556.0,57.71698175337756
2024-04-15 15:30:00+00:00,160.07000732421875,160.3300018310547,159.3800048828125,159.4149932861328,159.4149932861328,1616307.0,50.379308586741466
2024-04-15 16:30:00+00:00,159.4149932861328,159.7449951171875,157.82000732421875,157.82000732421875,157.82000732421875,2610589.0,37.936035753589415
2024-04-15 17:30:00+00:00,157.82000732421875,157.8699951171875,156.5500030517578,156.86000061035156,156.86000061035156,2479681.0,28.022195893758663
2024-04-15 18:30:00+00:00,156.85000610351562,157.35989379882812,156.14999389648438,156.36500549316406,156.36500549316406,1783366.0,19.324094601027866
2024-04-15 19:30:00+00:00,156.36000061035156,156.70530700683594,156.27000427246094,156.3300018310547,156.3300018310547,1730319.0,12.157252882108926
2024-04-16 13:30:00+00:00,155.8300018310547,156.72000122070312,155.33999633789062,155.47999572753906,155.47999572753906,3512251.0,8.892391321631225
2024-04-16 14:30:00+00:00,155.47000122070312,156.27000427246094,155.0500030517578,155.89999389648438,155.89999389648438,1930210.0,14.634441321538029
2024-04-16 15:30:00+00:00,155.90499877929688,156.70799255371094,155.80499267578125,156.4199981689453,156.4199981689453,1350830.0,23.5749288292973
2024-04-16 16:30:00+00:00,156.39999389648438,156.58999633789062,156.0,156.27000427246094,156.27000427246094,1092658.0,29.231853036620386
2024-04-16 17:30:00+00:00,156.2899932861328,157.22000122070312,155.61000061035156,156.16000366210938,156.16000366210938,1929254.0,31.499515379187347
2024-04-16 18:30:00+00:00,156.16000366210938,157.14540100097656,156.16000366210938,156.80999755859375,156.80999755859375,1502495.0,43.472310757029604
2024-04-16 19:30:00+00:00,156.80999755859375,156.80999755859375,155.92999267578125,155.97999572753906,155.97999572753906,1691653.0,36.88641737030937
2024-04-17 13:30:00+00:00,157.19000244140625,158.68099975585938,156.75999450683594,157.94000244140625,157.94000244140625,3524575.0,51.99369748020786
2024-04-17 14:30:00+00:00,157.94000244140625,158.2899932861328,157.36000061035156,157.36000061035156,157.36000061035156,1744013.0,51.40366463552414
2024-04-17 15:30:00+00:00,157.3800048828125,157.49009704589844,156.4250030517578,156.63499450683594,156.63499450683594,1426004.0,53.3123458552205
2024-04-17 16:30:00+00:00,156.6300048828125,157.22500610351562,156.13499450683594,157.22500610351562,157.22500610351562,1574791.0,58.43595982012103
2024-04-17 17:30:00+00:00,157.24000549316406,157.61000061035156,157.02999877929688,157.33999633789062,157.33999633789062,1616464.0,65.11433726998958
2024-04-17 18:30:00+00:00,157.36000061035156,158.12539672851562,156.9600067138672,157.07000732421875,157.07000732421875,1546934.0,59.59629676576073
2024-04-17 19:30:00+00:00,157.07989501953125,157.39999389648438,156.63499450683594,156.89999389648438,156.89999389648438,1873833.0,53.19788328787659
2024-04-18 13:30:00+00:00,156.91000366210938,157.60000610351562,156.22000122070312,157.41000366210938,157.41000366210938,3118450.0,61.078571006345214
2024-04-18 14:30:00+00:00,157.38499450683594,157.92100524902344,157.25,157.64999389648438,157.64999389648438,1570680.0,65.8008331776995
2024-04-18 15:30:00+00:00,157.6649932861328,157.80999755859375,157.36000061035156,157.7550048828125,157.7550048828125,911437.0,69.07294023387172
2024-04-18 16:30:00+00:00,157.75999450683594,158.47999572753906,157.30999755859375,157.97000122070312,157.97000122070312,1995467.0,78.32667609499663
2024-04-18 17:30:00+00:00,157.96499633789062,158.30999755859375,157.72999572753906,157.8800048828125,157.8800048828125,1609414.0,81.7041300558265
2024-04-18 18:30:00+00:00,157.88499450683594,158.24000549316406,157.47000122070312,158.031005859375,158.031005859375,1280592.0,84.81748663566856
2024-04-18 19:30:00+00:00,158.02999877929688,158.22000122070312,157.3800048828125,157.47999572753906,157.47999572753906,1535486.0,68.9532440376637
2024-04-19 13:30:00+00:00,157.75,157.99000549316406,155.52000427246094,155.9499969482422,155.9499969482422,4093069.0,43.07420977845011
2024-04-19 14:30:00+00:00,155.94000244140625,156.9199981689453,155.88999938964844,156.02000427246094,156.02000427246094,1591739.0,30.670639634308635
2024-04-19 15:30:00+00:00,155.9949951171875,156.41000366210938,154.27999877929688,154.31129455566406,154.31129455566406,2126401.0,19.436423585679876
2024-04-19 16:30:00+00:00,154.3350067138672,155.72999572753906,153.91000366210938,155.38999938964844,155.38999938964844,1767990.0,26.39344223416242
2024-04-19 17:30:00+00:00,155.3699951171875,156.36000061035156,155.32000732421875,155.39999389648438,155.39999389648438,1608203.0,31.283574073371064
2024-04-19 18:30:00+00:00,155.3699951171875,155.72000122070312,154.83999633789062,155.4499969482422,155.4499969482422,2599768.0,38.77767106714172
2024-04-19 19:30:00+00:00,155.4499969482422,155.94000244140625,154.74000549316406,155.70899963378906,155.70899963378906,2637154.0,47.11374641508453
2024-04-22 13:30:00+00:00,156.00999450683594,158.14999389648438,155.9499969482422,156.64500427246094,156.64500427246094,4016042.0,63.464302465845506
2024-04-22 14:30:00+00:00,156.64999389648438,156.80419921875,155.66000366210938,156.3350067138672,156.3350067138672,1791255.0,65.05392593037018
2024-04-22 15:30:00+00:00,156.33999633789062,157.97999572753906,156.30999755859375,157.78500366210938,157.78500366210938,1659653.0,80.9465389277749
2024-04-22 16:30:00+00:00,157.78500366210938,158.4499969482422,157.52000427246094,158.43499755859375,158.43499755859375,1046258.0,87.02098173490933
2024-04-22 17:30:00+00:00,158.44000244140625,159.1699981689453,158.38999938964844,159.02000427246094,159.02000427246094,1178752.0,91.75094596575047
2024-04-22 18:30:00+00:00,159.02999877929688,159.18499755859375,158.39999389648438,158.6699981689453,158.6699981689453,1188720.0,84.66699395509603
2024-04-22 19:30:00+00:00,158.64999389648438,158.66000366210938,157.64999389648438,157.94000244140625,157.94000244140625,1516703.0,74.39772658336135
2024-04-23 13:30:00+00:00,158.77999877929688,159.86000061035156,157.96499633789062,159.4499969482422,159.4499969482422,3468170.0,78.63702119243861
2024-04-23 14:30:00+00:00,159.4600067138672,160.11000061035156,159.38999938964844,159.9250030517578,159.9250030517578,2020893.0,78.18127956006973
2024-04-23 15:30:00+00:00,159.92999267578125,160.32989501953125,159.71499633789062,160.22999572753906,160.22999572753906,1510048.0,79.0753974772925
2024-04-23 16:30:00+00:00,160.22000122070312,160.47999572753906,159.97999572753906,160.37989807128906,160.37989807128906,1313572.0,83.59452211262222
2024-04-23 17:30:00+00:00,160.375,160.3800048828125,159.89500427246094,159.91000366210938,159.91000366210938,1120319.0,80.8401517586674
2024-04-23 18:30:00+00:00,159.90499877929688,160.0050048828125,159.55999755859375,159.80999755859375,159.80999755859375,1371830.0,75.01340385225699
2024-04-23 19:30:00+00:00,159.8000030517578,159.99000549316406,159.52000427246094,159.88999938964844,159.88999938964844,1908884.0,71.56334804022426
2024-04-24 13:30:00+00:00,159.0850067138672,160.72999572753906,158.82000732421875,159.875,159.875,4301569.0,69.07235314940229
2024-04-24 14:30:00+00:00,159.88999938964844,160.08999633789062,159.3699951171875,159.72000122070312,159.72000122070312,2442624.0,58.82076033667522
2024-04-24 15:30:00+00:00,159.72999572753906,159.89999389648438,159.2050018310547,159.44000244140625,159.44000244140625,1492610.0,51.1313285928658
2024-04-24 16:30:00+00:00,159.4499969482422,159.94000244140625,159.25999450683594,159.94000244140625,159.94000244140625,1315960.0,58.91298068764347
2024-04-24 17:30:00+00:00,159.94000244140625,160.77000427246094,159.94000244140625,160.4199981689453,160.4199981689453,2383886.0,67.244092204432
2024-04-24 18:30:00+00:00,160.41000366210938,161.02999877929688,160.02999877929688,160.91000366210938,160.91000366210938,1791672.0,73.11446024299251
2024-04-24 19:30:00+00:00,160.91000366210938,161.38999938964844,160.89999389648438,161.0399932861328,161.0399932861328,2764053.0,81.1534821393698
2024-04-25 13:30:00+00:00,153.2899932861328,156.38999938964844,152.76800537109375,156.36000061035156,156.36000061035156,9067624.0,50.29768244578109
2024-04-25 14:30:00+00:00,156.33999633789062,157.3000030517578,155.72500610351562,157.289794921875,157.289794921875,3257058.0,46.21482027874827
2024-04-25 15:30:00+00:00,157.28759765625,158.00999450683594,157.02000427246094,157.67999267578125,157.67999267578125,3029776.0,42.71334404480613
2024-04-25 16:30:00+00:00,157.69000244140625,157.82000732421875,156.72219848632812,157.27000427246094,157.27000427246094,2553420.0,38.86923322755557
2024-04-25 17:30:00+00:00,157.27000427246094,158.27999877929688,157.14999389648438,157.49000549316406,157.49000549316406,2192673.0,38.37551655338193
2024-04-25 18:30:00+00:00,157.47740173339844,157.9600067138672,157.30999755859375,157.9499969482422,157.9499969482422,2672380.0,44.84855992066535
2024-04-25 19:30:00+00:00,157.97000122070312,158.05990600585938,157.4001007080078,157.83999633789062,157.83999633789062,3585090.0,48.29334761176212
2024-04-26 13:30:00+00:00,175.8699951171875,176.39999389648438,171.9499969482422,172.00999450683594,172.00999450683594,21133969.0,73.61071345888566
2024-04-26 14:30:00+00:00,172.0050048828125,173.92999267578125,171.39999389648438,173.2899932861328,173.2899932861328,7455592.0,84.36830139049461
2024-04-26 15:30:00+00:00,173.32000732421875,174.1300048828125,173.02000427246094,173.7899932861328,173.7899932861328,6231442.0,93.2253722952587
2024-04-26 16:30:00+00:00,173.7899932861328,174.2100067138672,173.36000061035156,173.75030517578125,173.75030517578125,4255321.0,92.03479407079631
2024-04-26 17:30:00+00:00,173.75999450683594,174.1199951171875,172.3800048828125,172.44500732421875,172.44500732421875,4458273.0,85.34471007398938
2024-04-26 18:30:00+00:00,172.45530700683594,173.8249969482422,172.3699951171875,173.6649932861328,173.6649932861328,4218557.0,82.74210422806951
2024-04-26 19:30:00+00:00,173.66000366210938,173.8699951171875,173.38999938964844,173.60000610351562,173.60000610351562,4563733.0,79.78050757191163
2024-04-29 13:30:00+00:00,170.67820739746094,171.3800048828125,168.91000366210938,169.89549255371094,169.89549255371094,13579146.0,64.58597716208554
2024-04-29 14:30:00+00:00,169.8800048828125,170.64999389648438,168.72999572753906,169.0500030517578,169.0500030517578,4305557.0,55.73051782065117
2024-04-29 15:30:00+00:00,169.0800018310547,169.4199981689453,168.4600067138672,168.89889526367188,168.89889526367188,3269171.0,50.65813085701898
2024-04-29 16:30:00+00:00,168.88720703125,168.9676971435547,168.1999969482422,168.6699981689453,168.6699981689453,2245985.0,46.89584790540774
2024-04-29 17:30:00+00:00,168.67999267578125,169.03500366210938,168.27499389648438,168.28500366210938,168.28500366210938,2404933.0,40.341116665263115
2024-04-29 18:30:00+00:00,168.28500366210938,168.33999633789062,167.05999755859375,167.75,167.75,3374330.0,37.328240568012816
2024-04-29 19:30:00+00:00,167.75,168.1300048828125,167.5,167.89999389648438,167.89999389648438,3355772.0,21.385814367202617
2024-04-30 13:30:00+00:00,167.4199981689453,169.8699951171875,167.35000610351562,168.22000122070312,168.22000122070312,6822524.0,23.060182427923927
2024-04-30 14:30:00+00:00,168.14999389648438,168.42999267578125,167.08999633789062,167.24000549316406,167.24000549316406,3731854.0,16.87215515907793
2024-04-30 15:30:00+00:00,167.25,167.49000549316406,166.72000122070312,166.99090576171875,166.99090576171875,2352702.0,17.315738092678906
2024-04-30 16:30:00+00:00,167.0,167.0,165.6699981689453,166.08999633789062,166.08999633789062,2314881.0,16.687748283403362
2024-04-30 17:30:00+00:00,166.11309814453125,166.3800048828125,165.7899932861328,165.97500610351562,165.97500610351562,1814622.0,15.87296793674552
2024-04-30 18:30:00+00:00,165.97000122070312,166.25999450683594,165.44000244140625,166.06500244140625,166.06500244140625,2271151.0,15.919168660676565
2024-04-30 19:30:00+00:00,166.0800018310547,166.14999389648438,164.5449981689453,164.5800018310547,164.5800018310547,4047056.0,14.243740409705385
2024-05-01 13:30:00+00:00,166.0,167.3699951171875,164.89999389648438,167.24000549316406,167.24000549316406,4861441.0,37.94141448354866
2024-05-01 14:30:00+00:00,167.25,167.42999267578125,166.6300048828125,167.3699951171875,167.3699951171875,2321867.0,49.2690194730638
2024-05-01 15:30:00+00:00,167.37399291992188,167.7299041748047,167.10000610351562,167.53500366210938,167.53500366210938,2309999.0,63.09851501531814
2024-05-01 16:30:00+00:00,167.53500366210938,167.53500366210938,165.85000610351562,166.0500030517578,166.0500030517578,2013459.0,51.30702475168645
2024-05-01 17:30:00+00:00,166.05999755859375,167.3699951171875,165.85000610351562,167.07000732421875,167.07000732421875,2933287.0,63.00130138536806
2024-05-01 18:30:00+00:00,167.0399932861328,168.80999755859375,166.1699981689453,168.25,168.25,4164819.0,73.50194779828696
2024-05-01 19:30:00+00:00,168.2899932861328,168.2899932861328,165.5,165.5,165.5,3329786.0,51.403260168910535
2024-05-02 13:30:00+00:00,166.58999633789062,167.6199951171875,165.69000244140625,167.3300018310547,167.3300018310547,3725994.0,60.114055234003466
2024-05-02 14:30:00+00:00,167.33399963378906,167.75,166.3300018310547,166.49000549316406,166.49000549316406,1676759.0,53.61494629098985
2024-05-02 15:30:00+00:00,166.49830627441406,167.08999633789062,166.3000030517578,167.0399932861328,167.0399932861328,1279460.0,59.42861885498517
2024-05-02 16:30:00+00:00,167.0399932861328,167.33999633789062,166.41000366210938,167.27999877929688,167.27999877929688,1181351.0,60.15406769101198
2024-05-02 17:30:00+00:00,167.3000030517578,168.02699279785156,167.02999877929688,167.97999572753906,167.97999572753906,1507613.0,72.40361652772064
2024-05-02 18:30:00+00:00,167.97999572753906,168.32470703125,167.82479858398438,168.0800018310547,168.0800018310547,1838721.0,78.21502139257555
2024-05-02 19:30:00+00:00,168.07000732421875,168.52999877929688,167.4550018310547,168.4600067138672,168.4600067138672,2726418.0,84.63907548686798
2024-05-03 13:30:00+00:00,169.52670288085938,169.85000610351562,164.97999572753906,165.77000427246094,165.77000427246094,7873266.0,56.39897200573292
2024-05-03 14:30:00+00:00,165.77000427246094,167.49989318847656,165.55999755859375,167.05999755859375,167.05999755859375,3901120.0,61.28278361740356
2024-05-03 15:30:00+00:00,167.05999755859375,167.5399932861328,166.7924041748047,167.44000244140625,167.44000244140625,1736380.0,61.2068962813935
2024-05-03 16:30:00+00:00,167.4600067138672,168.2001953125,167.40499877929688,168.11000061035156,168.11000061035156,1552008.0,71.3956311191999
2024-05-03 17:30:00+00:00,168.11000061035156,168.4199981689453,167.84109497070312,168.27999877929688,168.27999877929688,1431998.0,74.71138598437565
2024-05-03 18:30:00+00:00,168.25999450683594,168.9600067138672,168.25999450683594,168.60400390625,168.60400390625,2017227.0,83.10424962684016
2024-05-03 19:30:00+00:00,168.60000610351562,169.22000122070312,168.4499969482422,169.02000427246094,169.02000427246094,1821007.0,87.80416572348096
2024-05-06 13:30:00+00:00,169.0,169.89999389648438,167.88999938964844,168.47999572753906,168.47999572753906,3685133.0,79.5224516343196
2024-05-06 14:30:00+00:00,168.22999572753906,168.99000549316406,168.17999267578125,168.7100067138672,168.7100067138672,1887589.0,77.7348915551847
2024-05-06 15:30:00+00:00,168.7100067138672,169.05999755859375,167.9622039794922,168.5399932861328,168.5399932861328,1606821.0,70.35059813722675
2024-05-06 16:30:00+00:00,168.55999755859375,169.13999938964844,168.44000244140625,168.8800048828125,168.8800048828125,1290891.0,72.04650154686678
2024-05-06 17:30:00+00:00,168.86000061035156,169.22999572753906,168.60000610351562,169.14500427246094,169.14500427246094,1224522.0,71.8344953680177
2024-05-06 18:30:00+00:00,169.14999389648438,169.2899932861328,168.6800994873047,168.7949981689453,168.7949981689453,1563020.0,68.1347421725653
2024-05-06 19:30:00+00:00,168.7899932861328,169.8800048828125,168.5850067138672,169.83999633789062,169.83999633789062,1898964.0,74.18795097839251
2024-05-07 13:30:00+00:00,170.3000030517578,172.79800415039062,170.0,171.7949981689453,171.7949981689453,6943130.0,81.18751485591365
2024-05-07 14:30:00+00:00,171.77999877929688,172.7899932861328,171.5399932861328,172.42999267578125,172.42999267578125,1989175.0,84.27041720006416
2024-05-07 15:30:00+00:00,172.44000244140625,173.10000610351562,172.27000427246094,173.0800018310547,173.0800018310547,1920402.0,86.35752667099578
2024-05-07 16:30:00+00:00,173.08389282226562,173.47000122070312,172.77999877929688,172.9499969482422,172.9499969482422,1698648.0,88.46368488253903
2024-05-07 17:30:00+00:00,172.94000244140625,173.0800018310547,172.36000061035156,172.4600067138672,172.4600067138672,1307337.0,80.54435274165706
2024-05-07 18:30:00+00:00,172.4550018310547,172.67999267578125,172.21499633789062,172.42999267578125,172.42999267578125,1794190.0,73.71402292902219
2024-05-07 19:30:00+00:00,172.42999267578125,173.1999969482422,172.18499755859375,173.02999877929688,173.02999877929688,2221929.0,75.34083158078991
2024-05-08 13:30:00+00:00,170.7100067138672,171.90919494628906,170.52200317382812,171.77000427246094,171.77000427246094,3219878.0,60.10286165736416
2024-05-08 14:30:00+00:00,171.75999450683594,171.88999938964844,171.38999938964844,171.76010131835938,171.76010131835938,1747644.0,54.47133939665713
2024-05-08 15:30:00+00:00,171.75999450683594,171.82000732421875,171.19500732421875,171.6199951171875,171.6199951171875,992082.0,48.45289116702295
2024-05-08 16:30:00+00:00,171.6199951171875,171.64999389648438,170.94000244140625,171.0554962158203,171.0554962158203,1010930.0,42.38198939968115
2024-05-08 17:30:00+00:00,171.0500030517578,171.6199951171875,171.0,171.35000610351562,171.35000610351562,983916.0,39.54492154161403
2024-05-08 18:30:00+00:00,171.33999633789062,171.57000732421875,171.27000427246094,171.3800048828125,171.3800048828125,1036878.0,39.92902120980862
2024-05-08 19:30:00+00:00,171.3699951171875,171.52999877929688,171.0399932861328,171.1300048828125,171.1300048828125,1460087.0,27.8422330311633
2024-05-09 13:30:00+00:00,171.16000366210938,172.4199981689453,169.92999267578125,170.1699981689453,170.1699981689453,3009503.0,21.68244264975736
2024-05-09 14:30:00+00:00,170.17999267578125,170.9949951171875,170.02000427246094,170.97999572753906,170.97999572753906,1485474.0,31.769022573244882
2024-05-09 15:30:00+00:00,171.0,171.11500549316406,170.57000732421875,170.8699951171875,170.8699951171875,824932.0,35.82311387025588
2024-05-09 16:30:00+00:00,170.86990356445312,171.11000061035156,170.6999969482422,171.03500366210938,171.03500366210938,1352930.0,40.80555083491708
2024-05-09 17:30:00+00:00,171.02999877929688,171.07000732421875,170.60499572753906,170.81500244140625,170.81500244140625,1216356.0,39.5089155135807
2024-05-09 18:30:00+00:00,170.81500244140625,171.3249969482422,170.76499938964844,171.13999938964844,171.13999938964844,1163379.0,49.03027221019998
2024-05-09 19:30:00+00:00,171.13999938964844,171.63999938964844,171.0749969482422,171.6199951171875,171.6199951171875,1508629.0,67.23827093945258
2024-05-10 13:30:00+00:00,169.69000244140625,170.4499969482422,168.86509704589844,169.8300018310547,169.8300018310547,3756374.0,41.57162090162419
2024-05-10 14:30:00+00:00,169.85000610351562,170.07000732421875,169.27999877929688,169.97999572753906,169.97999572753906,1705322.0,37.1749260654985
2024-05-10 15:30:00+00:00,169.97999572753906,169.98500061035156,169.0709991455078,169.52000427246094,169.52000427246094,1414292.0,27.617382074101453
2024-05-10 16:30:00+00:00,169.52000427246094,169.57000732421875,168.67999267578125,168.74000549316406,168.74000549316406,1402838.0,20.5978364790248
2024-05-10 17:30:00+00:00,168.75999450683594,171.33999633789062,167.91000366210938,170.19000244140625,170.19000244140625,4823269.0,33.688257557194206
2024-05-10 18:30:00+00:00,170.1699981689453,170.60499572753906,169.8699951171875,170.4499969482422,170.4499969482422,1580055.0,43.60850729905728
2024-05-10 19:30:00+00:00,170.44000244140625,170.49000549316406,169.91009521484375,170.27000427246094,170.27000427246094,1963224.0,47.35204463534444
2024-05-13 13:30:00+00:00,165.8470001220703,167.7100067138672,165.77000427246094,166.77000427246094,166.77000427246094,5156509.0,30.37037013435174
2024-05-13 14:30:00+00:00,166.76499938964844,167.88999938964844,166.49000549316406,167.74000549316406,167.74000549316406,2063666.0,35.111914031349556
2024-05-13 15:30:00+00:00,167.74000549316406,168.08999633789062,167.55999755859375,167.86000061035156,167.86000061035156,1896423.0,34.54934994821329
2024-05-13 16:30:00+00:00,167.86000061035156,170.3300018310547,167.80999755859375,170.16000366210938,170.16000366210938,3102198.0,52.066452925698876
2024-05-13 17:30:00+00:00,170.1699981689453,170.22999572753906,169.07000732421875,169.5,169.5,1571475.0,54.31179715019897
2024-05-13 18:30:00+00:00,169.50999450683594,170.05999755859375,169.33999633789062,169.9550018310547,169.9550018310547,1224394.0,64.04379001694782
2024-05-13 19:30:00+00:00,169.9499969482422,170.94000244140625,169.84210205078125,170.89999389648438,170.89999389648438,2476840.0,77.52760197975223
2024-05-14 13:30:00+00:00,171.58999633789062,172.1199951171875,170.4199981689453,171.50999450683594,171.50999450683594,3420199.0,82.67287764875668
2024-05-14 14:30:00+00:00,171.49000549316406,171.75999450683594,170.97000122070312,171.3363037109375,171.3363037109375,1842914.0,83.4621420479741
2024-05-14 15:30:00+00:00,171.3300018310547,171.3300018310547,170.6199951171875,170.76300048828125,170.76300048828125,1461547.0,76.3243729527815
2024-05-14 16:30:00+00:00,170.76499938964844,172.3300018310547,170.66000366210938,172.14999389648438,172.14999389648438,2168861.0,81.47297922418554
2024-05-14 17:30:00+00:00,172.14500427246094,172.75,171.61000061035156,172.07000732421875,172.07000732421875,2748473.0,80.20774984873385
2024-05-14 18:30:00+00:00,172.07000732421875,172.6699981689453,171.97000122070312,172.42999267578125,172.42999267578125,3275502.0,81.41377117312811
2024-05-14 19:30:00+00:00,172.42999267578125,172.4600067138672,171.6199951171875,171.8800048828125,171.8800048828125,1706308.0,74.68853649702753
2024-05-15 13:30:00+00:00,172.19000244140625,174.0458984375,172.02999877929688,173.19500732421875,173.19500732421875,4262919.0,82.3286285507944
2024-05-15 14:30:00+00:00,173.1999969482422,173.47999572753906,172.8000030517578,172.89999389648438,172.89999389648438,1573065.0,78.90454508594044
2024-05-15 15:30:00+00:00,172.89999389648438,173.0500030517578,172.40499877929688,172.61000061035156,172.61000061035156,1283131.0,71.74356792769501
2024-05-15 16:30:00+00:00,172.6300048828125,173.16000366210938,172.125,173.1300048828125,173.1300048828125,1507226.0,74.06619798025807
2024-05-15 17:30:00+00:00,173.13999938964844,173.74000549316406,172.99000549316406,173.69000244140625,173.69000244140625,1555931.0,79.93232682321437
2024-05-15 18:30:00+00:00,173.6750030517578,173.9149932861328,173.49000549316406,173.80999755859375,173.80999755859375,1336875.0,81.16259605673184
2024-05-15 19:30:00+00:00,173.8000030517578,174.0399932861328,173.61000061035156,173.9499969482422,173.9499969482422,2171872.0,83.43337777203813
2024-05-16 13:30:00+00:00,174.58999633789062,175.6300048828125,174.0500030517578,175.52999877929688,175.52999877929688,4000331.0,90.64241950986663
2024-05-16 14:30:00+00:00,175.5500030517578,176.3300018310547,175.5399932861328,176.11000061035156,176.11000061035156,2485463.0,93.19725166647618
2024-05-16 15:30:00+00:00,176.11000061035156,176.33999633789062,175.11000061035156,175.2899932861328,175.2899932861328,1608045.0,82.86429924220525
2024-05-16 16:30:00+00:00,175.27499389648438,175.51499938964844,174.82000732421875,174.91009521484375,174.91009521484375,1421459.0,73.53135754275871
2024-05-16 17:30:00+00:00,174.9499969482422,175.9149932861328,174.9499969482422,175.85499572753906,175.85499572753906,1357521.0,77.06434436855581
2024-05-16 18:30:00+00:00,175.84500122070312,176.0749969482422,175.3800048828125,175.4600067138672,175.4600067138672,1499826.0,69.10744785423276
2024-05-16 19:30:00+00:00,175.4499969482422,175.91000366210938,175.1300048828125,175.42999267578125,175.42999267578125,1879809.0,61.79185813879786
2024-05-17 13:30:00+00:00,175.64700317382812,176.99000549316406,174.97999572753906,176.94659423828125,176.94659423828125,3557404.0,69.82285926513057
2024-05-17 14:30:00+00:00,176.9409942626953,177.32000732421875,176.61000061035156,176.9199981689453,176.9199981689453,3250483.0,74.90734745073512
2024-05-17 15:30:00+00:00,176.9199981689453,177.1300048828125,176.5399932861328,176.9550018310547,176.9550018310547,1157645.0,74.69680703167036
2024-05-17 16:30:00+00:00,176.95260620117188,177.49000549316406,176.88999938964844,177.30450439453125,177.30450439453125,1706904.0,79.43364809820653
2024-05-17 17:30:00+00:00,177.32000732421875,177.39419555664062,176.34500122070312,176.64999389648438,176.64999389648438,1171956.0,74.71341020804793
2024-05-17 18:30:00+00:00,176.64999389648438,177.35000610351562,176.63999938964844,177.27099609375,177.27099609375,1270529.0,76.98112456118203
2024-05-17 19:30:00+00:00,177.27000427246094,177.4600067138672,177.1699981689453,177.32000732421875,177.32000732421875,1957861.0,77.04802557924441
2024-05-20 13:30:00+00:00,177.30999755859375,179.9499969482422,177.22500610351562,179.5,179.5,3903899.0,82.52068689738117
2024-05-20 14:30:00+00:00,179.5299072265625,179.5299072265625,178.25999450683594,178.27000427246094,178.27000427246094,1894025.0,68.64616533980553
2024-05-20 15:30:00+00:00,178.27999877929688,178.5749969482422,177.92999267578125,178.0,178.0,1005772.0,63.806080605959394
2024-05-20 16:30:00+00:00,178.0,178.38999938964844,177.80999755859375,177.99000549316406,177.99000549316406,1002661.0,57.203666448370846
2024-05-20 17:30:00+00:00,178.00999450683594,178.4199981689453,177.80149841308594,178.41099548339844,178.41099548339844,1078549.0,58.85357972040981
2024-05-20 18:30:00+00:00,178.4149932861328,178.8800048828125,178.32000732421875,178.7100067138672,178.7100067138672,1413004.0,60.515731633754214
2024-05-20 19:30:00+00:00,178.71499633789062,178.92999267578125,178.22000122070312,178.49000549316406,178.49000549316406,2195416.0,56.75054402392757
2024-05-21 13:30:00+00:00,178.4199981689453,179.24000549316406,177.30999755859375,179.06069946289062,179.06069946289062,2529352.0,66.63363424236965
2024-05-21 14:30:00+00:00,179.07000732421875,179.39999389648438,178.91000366210938,179.17019653320312,179.17019653320312,1242001.0,73.70400731751455
2024-05-21 15:30:00+00:00,179.17999267578125,179.35000610351562,178.52000427246094,178.5800018310547,178.5800018310547,1994402.0,65.2365271907618
2024-05-21 16:30:00+00:00,178.5800018310547,178.7042999267578,178.35000610351562,178.7042999267578,178.7042999267578,1244532.0,61.740985665654605
2024-05-21 17:30:00+00:00,178.7100067138672,179.14999389648438,178.60000610351562,179.1300048828125,179.1300048828125,1066981.0,68.94258799758077
2024-05-21 18:30:00+00:00,179.13499450683594,179.41000366210938,179.00999450683594,179.38999938964844,179.38999938964844,1471733.0,73.79412224803806
2024-05-21 19:30:00+00:00,179.3800048828125,179.82000732421875,179.24000549316406,179.57000732421875,179.57000732421875,1812930.0,76.51023374451361
2024-05-22 13:30:00+00:00,178.41009521484375,178.8520050048828,177.1219940185547,177.47000122070312,177.47000122070312,3205494.0,46.87645382124786
2024-05-22 14:30:00+00:00,177.47000122070312,177.61000061035156,176.90499877929688,177.47999572753906,177.47999572753906,1336531.0,39.890133067696
2024-05-22 15:30:00+00:00,177.50999450683594,177.59170532226562,177.0800018310547,177.08999633789062,177.08999633789062,821119.0,26.632021440280575
2024-05-22 16:30:00+00:00,177.08999633789062,177.5500030517578,176.7801055908203,177.44009399414062,177.44009399414062,1723648.0,30.216931637649783
2024-05-22 17:30:00+00:00,177.44000244140625,177.6300048828125,176.8000030517578,177.2899932861328,177.2899932861328,1882151.0,26.70770623378699
2024-05-22 18:30:00+00:00,177.27999877929688,177.6699981689453,177.19200134277344,177.64999389648438,177.64999389648438,1144356.0,35.789490511235854
2024-05-22 19:30:00+00:00,177.64999389648438,178.0800018310547,177.47999572753906,178.07000732421875,178.07000732421875,1731811.0,46.47495498128785
2024-05-23 13:30:00+00:00,178.6999969482422,179.89999389648438,177.52999877929688,177.64999389648438,177.64999389648438,3392869.0,44.910595758933916
2024-05-23 14:30:00+00:00,177.67999267578125,177.77999877929688,176.97999572753906,177.52999877929688,177.52999877929688,1554382.0,39.88285315459193
2024-05-23 15:30:00+00:00,177.52499389648438,177.9833984375,177.47999572753906,177.5399932861328,177.5399932861328,961852.0,36.497705362615854
2024-05-23 16:30:00+00:00,177.5399932861328,177.5500030517578,176.2899932861328,176.4499969482422,176.4499969482422,972446.0,24.125228415513654
2024-05-23 17:30:00+00:00,176.44000244140625,176.4600067138672,175.17999267578125,175.5399932861328,175.5399932861328,1996537.0,14.683068970591012
2024-05-23 18:30:00+00:00,175.52999877929688,175.5800018310547,174.5399932861328,174.8074951171875,174.8074951171875,1716619.0,9.373643021578538
2024-05-23 19:30:00+00:00,174.80999755859375,175.35000610351562,174.63999938964844,175.08999633789062,175.08999633789062,1921168.0,14.904719683015566
2024-05-24 13:30:00+00:00,176.49000549316406,177.17999267578125,175.1999969482422,176.30999755859375,176.30999755859375,2706436.0,31.80345835288059
2024-05-24 14:30:00+00:00,176.32110595703125,177.1800994873047,176.17999267578125,176.8000030517578,176.8000030517578,1284286.0,46.11968592042956
2024-05-24 15:30:00+00:00,176.82000732421875,177.0,176.3800048828125,176.91000366210938,176.91000366210938,1097644.0,58.71335812519901
2024-05-24 16:30:00+00:00,176.9199981689453,177.08729553222656,176.60000610351562,176.97999572753906,176.97999572753906,1058757.0,68.81228485967418
2024-05-24 17:30:00+00:00,176.98500061035156,177.3043975830078,176.85000610351562,176.9550018310547,176.9550018310547,935355.0,70.19443141785352
2024-05-24 18:30:00+00:00,176.9550018310547,176.9600067138672,176.27000427246094,176.4199981689453,176.4199981689453,954900.0,62.00229676633792
2024-05-24 19:30:00+00:00,176.41000366210938,176.6844024658203,176.2100067138672,176.32000732421875,176.32000732421875,1474821.0,57.02197456576225
2024-05-28 13:30:00+00:00,175.72999572753906,178.50999450683594,175.67999267578125,177.4199981689453,177.4199981689453,4236382.0,68.39281668876806
2024-05-28 14:30:00+00:00,177.4199981689453,177.9499969482422,177.2899932861328,177.75999450683594,177.75999450683594,1588617.0,71.79246971650556
2024-05-28 15:30:00+00:00,177.77000427246094,178.25999450683594,177.74000549316406,177.9600067138672,177.9600067138672,1654442.0,76.25998116312952
2024-05-28 16:30:00+00:00,177.9600067138672,178.1999969482422,177.4199981689453,177.5167999267578,177.5167999267578,924353.0,71.29291058628341
2024-05-28 17:30:00+00:00,177.52000427246094,177.8699951171875,177.3000030517578,177.3444061279297,177.3444061279297,1011386.0,68.53336105738644
2024-05-28 18:30:00+00:00,177.36000061035156,177.61000061035156,176.9199981689453,177.3300018310547,177.3300018310547,1113504.0,61.64257598239648
2024-05-28 19:30:00+00:00,177.33999633789062,178.07000732421875,177.3300018310547,178.07000732421875,178.07000732421875,2091732.0,67.91851330257846
2024-05-29 13:30:00+00:00,176.80999755859375,178.19000244140625,176.27000427246094,177.85000610351562,177.85000610351562,2921858.0,62.83533153197128
2024-05-29 14:30:00+00:00,177.86000061035156,178.0500030517578,177.50999450683594,177.7899932861328,177.7899932861328,1425271.0,61.44662025507671
2024-05-29 15:30:00+00:00,177.76499938964844,177.91000366210938,177.30499267578125,177.84500122070312,177.84500122070312,1092483.0,63.6129520998155
2024-05-29 16:30:00+00:00,177.85000610351562,178.22900390625,177.75999450683594,178.0800018310547,178.0800018310547,1349899.0,72.67976976269149
2024-05-29 17:30:00+00:00,178.0749969482422,178.13999938964844,177.75999450683594,177.9250030517578,177.9250030517578,954347.0,67.28449998628005
2024-05-29 18:30:00+00:00,177.9250030517578,177.97000122070312,177.33999633789062,177.85000610351562,177.85000610351562,1130274.0,63.809884585390385
2024-05-29 19:30:00+00:00,177.83999633789062,178.06500244140625,177.11500549316406,177.4499969482422,177.4499969482422,1554274.0,42.37702285925887
2024-05-30 13:30:00+00:00,176.58999633789062,176.6199951171875,174.125,174.55999755859375,174.55999755859375,4293978.0,24.782662091092014
2024-05-30 14:30:00+00:00,174.5500030517578,174.78990173339844,174.1199951171875,174.36000061035156,174.36000061035156,3216450.0,10.884847807844558
2024-05-30 15:30:00+00:00,174.35000610351562,174.6300048828125,174.0800018310547,174.17999267578125,174.17999267578125,1600544.0,6.779771051778421
2024-05-30 16:30:00+00:00,174.1699981689453,174.74000549316406,174.0399932861328,174.61000061035156,174.61000061035156,942660.0,14.357289113475336
2024-05-30 17:30:00+00:00,174.6300048828125,174.7899932861328,174.08999633789062,174.1199951171875,174.1199951171875,928846.0,14.17093216769928
2024-05-30 18:30:00+00:00,174.1199951171875,174.3000030517578,173.4499969482422,173.66000366210938,173.66000366210938,1563511.0,14.473333851675955
2024-05-30 19:30:00+00:00,173.6699981689453,173.9199981689453,173.22999572753906,173.57000732421875,173.57000732421875,1868647.0,14.716481710678082
2024-05-31 13:30:00+00:00,173.19200134277344,174.4199981689453,172.30999755859375,172.4199981689453,172.4199981689453,3474189.0,15.161457670871261
2024-05-31 14:30:00+00:00,172.41000366210938,172.41000366210938,171.2899932861328,171.75,171.75,2117380.0,10.34410838319808
2024-05-31 15:30:00+00:00,171.74000549316406,171.75,170.97000122070312,171.1199951171875,171.1199951171875,1504765.0,6.30482540372447
2024-05-31 16:30:00+00:00,171.12030029296875,172.1199951171875,171.10079956054688,171.82000732421875,171.82000732421875,1059640.0,14.403884585280732
2024-05-31 17:30:00+00:00,171.8000030517578,171.97999572753906,171.61000061035156,171.64999389648438,171.64999389648438,1016876.0,18.720175381905516
2024-05-31 18:30:00+00:00,171.64999389648438,173.36000061035156,171.60000610351562,172.99009704589844,172.99009704589844,1313568.0,33.44932665162662
2024-05-31 19:30:00+00:00,172.97999572753906,174.3800048828125,172.85000610351562,174.0399932861328,174.0399932861328,3650748.0,58.032629332017315
2024-06-03 13:30:00+00:00,173.9199981689453,175.86000061035156,173.2899932861328,173.8000030517578,173.8000030517578,5053790.0,68.940280744277
2024-06-03 14:30:00+00:00,173.80499267578125,174.22000122070312,173.02000427246094,173.7100067138672,173.7100067138672,2137388.0,69.70862464849651
2024-06-03 15:30:00+00:00,173.6699981689453,174.0399932861328,172.4499969482422,172.7899932861328,172.7899932861328,1544543.0,57.51069545173027
2024-06-03 16:30:00+00:00,172.77999877929688,173.60000610351562,172.4600067138672,173.5500030517578,173.5500030517578,1278330.0,65.19448707970847
2024-06-03 17:30:00+00:00,173.52999877929688,173.93499755859375,173.25,173.27000427246094,173.27000427246094,1213918.0,60.84175791741366
2024-06-03 18:30:00+00:00,173.27000427246094,173.9700927734375,173.25999450683594,173.4199981689453,173.4199981689453,1520582.0,62.00896454046462
2024-06-03 19:30:00+00:00,173.4199981689453,174.47000122070312,173.2100067138672,174.4600067138672,174.4600067138672,1811848.0,72.76748773470455
2024-06-04 13:30:00+00:00,174.4499969482422,174.97000122070312,173.22000122070312,173.86000061035156,173.86000061035156,3219767.0,71.47233360983721
2024-06-04 14:30:00+00:00,173.83999633789062,174.60000610351562,173.7899932861328,174.21499633789062,174.21499633789062,1166480.0,73.78258316621177
2024-06-04 15:30:00+00:00,174.2100067138672,174.57000732421875,173.5500030517578,173.9199981689453,173.9199981689453,807332.0,67.07642427526048
2024-06-04 16:30:00+00:00,173.88999938964844,174.16000366210938,173.4600067138672,173.92999267578125,173.92999267578125,912891.0,64.30687347108164
2024-06-04 17:30:00+00:00,173.9499969482422,174.75999450683594,173.3300018310547,174.67799377441406,174.67799377441406,962885.0,68.64616234932168
2024-06-04 18:30:00+00:00,174.69000244140625,174.75,173.80999755859375,174.27850341796875,174.27850341796875,1019118.0,62.15491996176304
2024-06-04 19:30:00+00:00,174.27499389648438,175.19000244140625,174.10000610351562,175.1300048828125,175.1300048828125,1338750.0,70.12215582393347
2024-06-05 13:30:00+00:00,176.53500366210938,177.97000122070312,176.2100067138672,177.38999938964844,177.38999938964844,3342971.0,76.33795529888889
2024-06-05 14:30:00+00:00,177.39999389648438,177.4499969482422,176.22999572753906,176.66000366210938,176.66000366210938,1302378.0,75.84212821545367
2024-06-05 15:30:00+00:00,176.6699981689453,176.67999267578125,175.2899932861328,175.6750030517578,175.6750030517578,1096173.0,63.092708024035275
2024-06-05 16:30:00+00:00,175.67999267578125,176.35000610351562,175.52999877929688,176.3350067138672,176.3350067138672,995287.0,65.50769921425615
2024-06-05 17:30:00+00:00,176.3300018310547,176.5399932861328,175.85000610351562,175.88999938964844,175.88999938964844,858427.0,56.30555864062658
2024-06-05 18:30:00+00:00,175.88999938964844,176.5,175.88499450683594,176.33999633789062,176.33999633789062,1524680.0,56.74342033380945
2024-06-05 19:30:00+00:00,176.3350067138672,177.07000732421875,176.2449951171875,177.05999755859375,177.05999755859375,2847093.0,63.66638923740002
2024-06-06 13:30:00+00:00,177.41000366210938,178.60000610351562,177.2100067138672,177.52000427246094,177.52000427246094,3352232.0,73.11566841407071
2024-06-06 14:30:00+00:00,177.5,178.0,177.2899932861328,177.35000610351562,177.35000610351562,1326399.0,73.21909556510404
2024-06-06 15:30:00+00:00,177.33999633789062,178.17999267578125,177.25999450683594,178.00999450683594,178.00999450683594,1136930.0,81.09401260759032
2024-06-06 16:30:00+00:00,178.02000427246094,178.3800048828125,177.71009826660156,178.37010192871094,178.37010192871094,1210049.0,84.63479706513294
2024-06-06 17:30:00+00:00,178.3800048828125,178.5500030517578,177.8800048828125,178.10000610351562,178.10000610351562,1169588.0,79.61737139814129
2024-06-06 18:30:00+00:00,178.10499572753906,178.57000732421875,177.86000061035156,178.52999877929688,178.52999877929688,1443131.0,80.28078089830764
2024-06-06 19:30:00+00:00,178.52000427246094,178.7100067138672,178.0399932861328,178.35000610351562,178.35000610351562,2137505.0,77.09478593017741
2024-06-07 13:30:00+00:00,178.39999389648438,179.4199981689453,177.75,178.17999267578125,178.17999267578125,3086229.0,69.3021167934407
2024-06-07 14:30:00+00:00,178.1699981689453,178.91000366210938,177.97500610351562,178.44000244140625,178.44000244140625,1302263.0,68.38007611883685
2024-06-07 15:30:00+00:00,178.4600067138672,178.80999755859375,178.30999755859375,178.49000549316406,178.49000549316406,971508.0,72.61727542382997
2024-06-07 16:30:00+00:00,178.49000549316406,178.7550048828125,178.0500030517578,178.14109802246094,178.14109802246094,884829.0,64.74057645764489
2024-06-07 17:30:00+00:00,178.13999938964844,178.27000427246094,176.6750030517578,176.9499969482422,176.9499969482422,1279328.0,44.615007037726734
2024-06-07 18:30:00+00:00,176.9600067138672,177.91099548339844,176.9499969482422,177.38999938964844,177.38999938964844,1647445.0,41.48468791745971
2024-06-07 19:30:00+00:00,177.3800048828125,177.49000549316406,175.7899932861328,175.94000244140625,175.94000244140625,2944228.0,24.09802424593793
2024-06-10 13:30:00+00:00,176.4499969482422,176.8000030517578,174.3800048828125,174.97999572753906,174.97999572753906,3143602.0,15.244903289236749
2024-06-10 14:30:00+00:00,174.98500061035156,175.29440307617188,174.63999938964844,174.92999267578125,174.92999267578125,2083921.0,11.351817900713097
2024-06-10 15:30:00+00:00,174.96499633789062,175.52999877929688,174.72999572753906,175.34500122070312,175.34500122070312,1034175.0,18.792487616279015
2024-06-10 16:30:00+00:00,175.34500122070312,175.6063995361328,175.0,175.07000732421875,175.07000732421875,969577.0,18.139744766779756
2024-06-10 17:30:00+00:00,175.05999755859375,175.98500061035156,174.9199981689453,175.8800048828125,175.8800048828125,1089268.0,31.41778730013159
2024-06-10 18:30:00+00:00,175.8800048828125,178.47000122070312,175.52000427246094,176.52000427246094,176.52000427246094,3157038.0,45.414850923677236
2024-06-10 19:30:00+00:00,176.51499938964844,176.86000061035156,176.2100067138672,176.74000549316406,176.74000549316406,1919370.0,58.30416684291771
2024-06-11 13:30:00+00:00,177.72000122070312,178.38999938964844,175.91000366210938,176.2899932861328,176.2899932861328,2880644.0,53.89157887904662
2024-06-11 14:30:00+00:00,176.25999450683594,176.5500030517578,175.6300048828125,176.08999633789062,176.08999633789062,1223963.0,50.16224215736208
2024-06-11 15:30:00+00:00,176.08999633789062,176.21499633789062,175.44000244140625,175.72999572753906,175.72999572753906,1003840.0,41.45467729054277
2024-06-11 16:30:00+00:00,175.72500610351562,176.69500732421875,175.6300048828125,176.41050720214844,176.41050720214844,841735.0,49.91024091392724
2024-06-11 17:30:00+00:00,176.41000366210938,177.3800048828125,176.41000366210938,177.3699951171875,177.3699951171875,874295.0,61.76652664696585
2024-06-11 18:30:00+00:00,177.39999389648438,178.02999877929688,177.3699951171875,177.74000549316406,177.74000549316406,1235919.0,71.65415987717044
2024-06-11 19:30:00+00:00,177.74000549316406,178.3000030517578,177.42999267578125,178.17999267578125,178.17999267578125,1645118.0,80.10381590572541
2024-06-12 13:30:00+00:00,179.77999877929688,182.0800018310547,179.25999450683594,179.9199981689453,179.9199981689453,5131349.0,88.14450199321166
2024-06-12 14:30:00+00:00,179.94000244140625,180.08999633789062,178.39999389648438,179.11000061035156,179.11000061035156,1661431.0,80.25928628255072
2024-06-12 15:30:00+00:00,179.1199951171875,179.34500122070312,177.77999877929688,177.83999633789062,177.83999633789062,1363655.0,66.91323140451394
2024-06-12 16:30:00+00:00,177.8300018310547,178.61000061035156,177.82000732421875,178.49000549316406,178.49000549316406,884205.0,63.153069463969906
2024-06-12 17:30:00+00:00,178.5,178.8800048828125,178.0500030517578,178.65499877929688,178.65499877929688,1076020.0,61.62053872622981
2024-06-12 18:30:00+00:00,178.6699981689453,179.5,178.24000549316406,178.60000610351562,178.60000610351562,1491411.0,57.67481922030315
2024-06-12 19:30:00+00:00,178.58999633789062,179.97999572753906,178.3000030517578,179.55999755859375,179.55999755859375,2002078.0,67.95873824605458
2024-06-13 13:30:00+00:00,177.64999389648438,178.50999450683594,176.67999267578125,178.10000610351562,178.10000610351562,2983676.0,57.87179200748794
2024-06-13 14:30:00+00:00,178.14999389648438,178.4199981689453,177.61500549316406,177.75,177.75,995066.0,52.71503608532064
2024-06-13 15:30:00+00:00,177.7301025390625,177.9250030517578,176.9600067138672,177.02000427246094,177.02000427246094,1018310.0,35.32372682687751
2024-06-13 16:30:00+00:00,177.02499389648438,177.94000244140625,176.94000244140625,177.7698974609375,177.7698974609375,1446558.0,37.94449448184329
2024-06-13 17:30:00+00:00,177.7899932861328,178.13999938964844,177.7100067138672,178.07000732421875,178.07000732421875,696784.0,39.026444678546085
2024-06-13 18:30:00+00:00,178.0850067138672,178.24000549316406,177.58999633789062,177.72999572753906,177.72999572753906,980404.0,36.35793943437202
2024-06-13 19:30:00+00:00,177.72999572753906,177.72999572753906,176.6699981689453,176.67999267578125,176.67999267578125,2256711.0,27.99703637172545
2024-06-14 13:30:00+00:00,175.8520050048828,178.14999389648438,175.8520050048828,177.86000061035156,177.86000061035156,2220580.0,43.02855119928756
2024-06-14 14:30:00+00:00,177.86000061035156,178.57110595703125,177.50999450683594,178.47000122070312,178.47000122070312,1677768.0,51.41956501485629
2024-06-14 15:30:00+00:00,178.46499633789062,178.72999572753906,177.97000122070312,178.01800537109375,178.01800537109375,885780.0,47.95979132676214
2024-06-14 16:30:00+00:00,178.02999877929688,178.13999938964844,177.69000244140625,177.84530639648438,177.84530639648438,784451.0,46.59079985573991
2024-06-14 17:30:00+00:00,177.85789489746094,178.19000244140625,177.5800018310547,177.9199981689453,177.9199981689453,860704.0,48.00002510759293
2024-06-14 18:30:00+00:00,177.91000366210938,178.14999389648438,177.67999267578125,178.0399932861328,178.0399932861328,1019771.0,48.73114859593921
2024-06-14 19:30:00+00:00,178.0399932861328,178.44000244140625,177.80999755859375,178.39999389648438,178.39999389648438,1231346.0,62.61118129899012
2024-06-17 13:30:00+00:00,176.9969940185547,177.42999267578125,176.49000549316406,176.91000366210938,176.91000366210938,2974806.0,41.41364680929469
2024-06-17 14:30:00+00:00,176.91000366210938,177.6199951171875,176.7899932861328,177.03500366210938,177.03500366210938,1529793.0,41.487263246206986
2024-06-17 15:30:00+00:00,177.02999877929688,177.72000122070312,176.94000244140625,177.7100067138672,177.7100067138672,1069874.0,49.78209432998578
2024-06-17 16:30:00+00:00,177.7100067138672,179.07000732421875,177.64999389648438,178.94000244140625,178.94000244140625,1134171.0,66.56390549932311
2024-06-17 17:30:00+00:00,178.94000244140625,179.91000366210938,178.91000366210938,179.38999938964844,179.38999938964844,1488486.0,73.54157376969715
2024-06-17 18:30:00+00:00,179.41000366210938,179.50999450683594,178.76499938964844,179.24000549316406,179.24000549316406,1144324.0,77.81987454821908
2024-06-17 19:30:00+00:00,179.22999572753906,179.3000030517578,178.69500732421875,178.8300018310547,178.8300018310547,1686980.0,72.43423187804763
2024-06-18 13:30:00+00:00,178.75,178.89999389648438,177.1999969482422,177.83999633789062,177.83999633789062,2668510.0,53.795685108278235
2024-06-18 14:30:00+00:00,177.83999633789062,178.25999450683594,177.12010192871094,177.39999389648438,177.39999389648438,1629138.0,38.714545507564125
2024-06-18 15:30:00+00:00,177.38999938964844,177.5399932861328,176.389892578125,176.4696044921875,176.4696044921875,1305758.0,21.8556276717189
2024-06-18 16:30:00+00:00,176.4600067138672,176.72999572753906,176.1199951171875,176.46499633789062,176.46499633789062,1255699.0,14.275780760741872
2024-06-18 17:30:00+00:00,176.4550018310547,176.50999450683594,175.6199951171875,175.875,175.875,1598091.0,9.313240370124655
2024-06-18 18:30:00+00:00,175.86500549316406,176.30499267578125,175.77000427246094,176.07000732421875,176.07000732421875,1514782.0,12.14731387184247
2024-06-18 19:30:00+00:00,176.05999755859375,176.6999969482422,175.89999389648438,176.5500030517578,176.5500030517578,2256240.0,21.436509693873948
2024-06-20 13:30:00+00:00,176.77999877929688,178.74000549316406,176.4600067138672,177.27999877929688,177.27999877929688,3473956.0,35.87214224194151
2024-06-20 14:30:00+00:00,177.27000427246094,177.8699951171875,177.1376953125,177.3300018310547,177.3300018310547,1551356.0,46.19552385876649
2024-06-20 15:30:00+00:00,177.3300018310547,177.75999450683594,177.1999969482422,177.33999633789062,177.33999633789062,1008097.0,55.8573460643247
2024-06-20 16:30:00+00:00,177.3000030517578,177.6649932861328,176.9322052001953,177.05999755859375,177.05999755859375,1041512.0,53.43619322974524
2024-06-20 17:30:00+00:00,177.10000610351562,177.64999389648438,177.0850067138672,177.40980529785156,177.40980529785156,1180748.0,58.70043128103432
2024-06-20 18:30:00+00:00,177.40989685058594,177.5500030517578,176.97500610351562,177.52000427246094,177.52000427246094,1369752.0,63.06063396902725
2024-06-20 19:30:00+00:00,177.52499389648438,177.88999938964844,177.39999389648438,177.75,177.75,2034791.0,76.26050405103618
2024-06-21 13:30:00+00:00,179.0399932861328,181.35000610351562,178.32000732421875,180.63999938964844,180.63999938964844,9886853.0,83.60163880850193
2024-06-21 14:30:00+00:00,180.63999938964844,181.39999389648438,180.22000122070312,180.85000610351562,180.85000610351562,2716970.0,92.37308481731274
2024-06-21 15:30:00+00:00,180.8699951171875,182.25,180.65499877929688,182.25,182.25,2687705.0,94.85051867718296
2024-06-21 16:30:00+00:00,182.24000549316406,182.51170349121094,181.2100067138672,181.38999938964844,181.38999938964844,2155831.0,85.59648434063412
2024-06-21 17:30:00+00:00,181.3800048828125,181.9199981689453,180.97000122070312,181.77000427246094,181.77000427246094,1410695.0,82.15864707469893
2024-06-21 18:30:00+00:00,181.77000427246094,181.92660522460938,181.27999877929688,181.6699981689453,181.6699981689453,1674753.0,76.27487909011411
2024-06-21 19:30:00+00:00,181.66000366210938,181.71139526367188,180.14999389648438,180.19000244140625,180.19000244140625,6832245.0,59.095060157468126
2024-06-24 13:30:00+00:00,181.2899932861328,182.0800018310547,180.22999572753906,180.67999267578125,180.67999267578125,4223757.0,52.679244320261844
2024-06-24 14:30:00+00:00,180.66000366210938,181.22000122070312,180.3300018310547,181.02999877929688,181.02999877929688,2369107.0,55.13163482816285
2024-06-24 15:30:00+00:00,181.0500030517578,181.53480529785156,180.75,181.4949951171875,181.4949951171875,1256972.0,62.15135146990017
2024-06-24 16:30:00+00:00,181.4949951171875,181.8300018310547,180.64999389648438,180.72000122070312,180.72000122070312,1366971.0,56.152842477172136
2024-06-24 17:30:00+00:00,180.72999572753906,181.19000244140625,180.38999938964844,180.44949340820312,180.44949340820312,1706390.0,53.83234171659395
2024-06-24 18:30:00+00:00,180.44000244140625,181.06069946289062,180.27999877929688,180.80999755859375,180.80999755859375,1237161.0,59.02532494667743
2024-06-24 19:30:00+00:00,180.8000030517578,181.1300048828125,180.64990234375,180.80999755859375,180.80999755859375,1843324.0,49.99518461847266
2024-06-25 13:30:00+00:00,181.2165069580078,183.41000366210938,181.11000061035156,183.31500244140625,183.31500244140625,3650739.0,69.6714679930301
2024-06-25 14:30:00+00:00,183.31019592285156,184.16000366210938,183.0500030517578,183.7700958251953,183.7700958251953,2404567.0,78.17256062953587
2024-06-25 15:30:00+00:00,183.77999877929688,184.35000610351562,183.6699981689453,184.1999969482422,184.1999969482422,1485764.0,90.04626335130294
2024-06-25 16:30:00+00:00,184.19000244140625,184.2550048828125,183.3300018310547,183.6300048828125,183.6300048828125,1625099.0,81.98064868306348
2024-06-25 17:30:00+00:00,183.6300048828125,184.75999450683594,183.52000427246094,184.72999572753906,184.72999572753906,1258659.0,85.00049982289424
2024-06-25 18:30:00+00:00,184.72000122070312,184.9600067138672,184.34500122070312,184.9600067138672,184.9600067138672,1348222.0,85.64963712214174
2024-06-25 19:30:00+00:00,184.9600067138672,185.75,184.85000610351562,185.61000061035156,185.61000061035156,2343221.0,87.0371754678734
2024-06-26 13:30:00+00:00,184.19000244140625,185.92999267578125,183.99000549316406,185.25,185.25,3051613.0,78.68075157998939
2024-06-26 14:30:00+00:00,185.27000427246094,185.76499938964844,184.92999267578125,185.27000427246094,185.27000427246094,1391952.0,77.33334514435344
2024-06-26 15:30:00+00:00,185.25999450683594,185.74000549316406,184.9600067138672,185.55999755859375,185.55999755859375,930337.0,78.86284055460828
2024-06-26 16:30:00+00:00,185.5601043701172,185.64500427246094,185.0,185.0800018310547,185.0800018310547,829823.0,70.17113616255838
2024-06-26 17:30:00+00:00,185.0800018310547,185.8350067138672,184.86000061035156,185.71200561523438,185.71200561523438,907169.0,69.65015775872095
2024-06-26 18:30:00+00:00,185.7100067138672,185.83990478515625,185.16140747070312,185.26620483398438,185.26620483398438,1057522.0,65.0927384131793
2024-06-26 19:30:00+00:00,185.25999450683594,185.67999267578125,185.25,185.36000061035156,185.36000061035156,1452990.0,63.18798156634598
2024-06-27 13:30:00+00:00,185.5399932861328,187.5,185.4499969482422,187.2550048828125,187.2550048828125,3775339.0,66.65191650250495
2024-06-27 14:30:00+00:00,187.25,187.30999755859375,186.60000610351562,186.7799072265625,186.7799072265625,1321012.0,64.93960498444217
2024-06-27 15:30:00+00:00,186.75,186.75,185.89999389648438,186.1300048828125,186.1300048828125,1085321.0,56.86961832955224
2024-06-27 16:30:00+00:00,186.1300048828125,186.7100067138672,186.1300048828125,186.6699981689453,186.6699981689453,771840.0,58.982556356448
2024-06-27 17:30:00+00:00,186.6699981689453,186.67999267578125,185.9600067138672,186.27000427246094,186.27000427246094,904965.0,51.79184204108083
2024-06-27 18:30:00+00:00,186.26499938964844,186.74000549316406,186.05999755859375,186.7209930419922,186.7209930419922,930878.0,54.93441948053635
2024-06-27 19:30:00+00:00,186.72000122070312,186.97000122070312,186.44000244140625,186.91000366210938,186.91000366210938,1321714.0,59.65761517187195
2024-06-28 13:30:00+00:00,185.65499877929688,186.5800018310547,184.30499267578125,186.1199951171875,186.1199951171875,3521796.0,50.77132688493145
2024-06-28 14:30:00+00:00,186.11000061035156,186.14999389648438,185.00999450683594,185.44000244140625,185.44000244140625,1540816.0,37.112293844976556
2024-06-28 15:30:00+00:00,185.4499969482422,185.80499267578125,185.0800018310547,185.34500122070312,185.34500122070312,1100411.0,30.436968110688206
2024-06-28 16:30:00+00:00,185.36500549316406,185.61000061035156,184.77499389648438,185.27000427246094,185.27000427246094,1153656.0,21.371261722076408
2024-06-28 17:30:00+00:00,185.27999877929688,185.82000732421875,185.16000366210938,185.25999450683594,185.25999450683594,895593.0,14.464050284658782
2024-06-28 18:30:00+00:00,185.25,185.75,185.239501953125,185.44000244140625,185.44000244140625,1116977.0,19.65240185942273
2024-06-28 19:30:00+00:00,185.42999267578125,185.44000244140625,183.3249969482422,183.4199981689453,183.4199981689453,3867337.0,14.592387863430798
2024-07-01 13:30:00+00:00,184.41000366210938,185.33999633789062,182.72999572753906,184.10000610351562,184.10000610351562,3981839.0,22.251770722531216
2024-07-01 14:30:00+00:00,184.10000610351562,184.10000610351562,183.35000610351562,183.63999938964844,183.63999938964844,1145937.0,21.669652368296788
2024-07-01 15:30:00+00:00,183.61000061035156,184.42999267578125,183.39999389648438,184.27999877929688,184.27999877929688,932058.0,34.94044196977323
2024-07-01 16:30:00+00:00,184.3000030517578,184.7100067138672,183.63499450683594,183.72999572753906,183.72999572753906,984130.0,29.18397356430858
2024-07-01 17:30:00+00:00,183.72999572753906,184.39999389648438,183.6699981689453,184.05999755859375,184.05999755859375,880993.0,37.79943979617762
2024-07-01 18:30:00+00:00,184.0500030517578,184.22999572753906,183.6649932861328,183.8300018310547,183.8300018310547,980670.0,36.83009996208326
2024-07-01 19:30:00+00:00,183.8300018310547,184.67999267578125,183.7949981689453,184.47999572753906,184.47999572753906,1145610.0,48.82920289694367
2024-07-02 13:30:00+00:00,183.47000122070312,184.32000732421875,183.07000732421875,184.30990600585938,184.30990600585938,2043329.0,50.83995982095305
2024-07-02 14:30:00+00:00,184.3000030517578,185.2899932861328,184.3000030517578,185.0449981689453,185.0449981689453,1045551.0,68.13103501777357
2024-07-02 15:30:00+00:00,185.05999755859375,185.5,184.6199951171875,185.22999572753906,185.22999572753906,880109.0,75.35640655443547
2024-07-02 16:30:00+00:00,185.24000549316406,186.27999877929688,185.13499450683594,186.1699981689453,186.1699981689453,738635.0,86.25714089073566
2024-07-02 17:30:00+00:00,186.17999267578125,186.66000366210938,186.00999450683594,186.60499572753906,186.60499572753906,828312.0,89.29516401764984
2024-07-02 18:30:00+00:00,186.60499572753906,186.75999450683594,186.2100067138672,186.72999572753906,186.72999572753906,969930.0,92.75401809532391
2024-07-02 19:30:00+00:00,186.72000122070312,186.9499969482422,186.32000732421875,186.6300048828125,186.6300048828125,1277311.0,87.68522988211637
2024-07-03 13:30:00+00:00,185.55999755859375,187.22999572753906,185.42999267578125,185.67999267578125,185.67999267578125,1960757.0,71.78977971296747
2024-07-03 14:30:00+00:00,185.67999267578125,187.0800018310547,185.6300048828125,186.97999572753906,186.97999572753906,941967.0,77.51827695600852
2024-07-03 15:30:00+00:00,186.99000549316406,187.47999572753906,186.82000732421875,187.4499969482422,187.4499969482422,1092775.0,76.51718529744312
2024-07-03 16:30:00+00:00,187.4499969482422,187.61000061035156,187.0,187.2550048828125,187.2550048828125,3387370.0,71.8301337117197
