,Open,High,Low,Close,Adj Close,Volume,marketCycle
2024-04-04 09:30:00-04:00,90.40599822998047,90.63398742675781,89.32099914550781,89.80799865722656,89.80799865722656,10286634.0,
2024-04-04 10:30:00-04:00,89.8219985961914,89.95349884033203,89.30599975585938,89.46599578857422,89.46599578857422,4041663.0,
2024-04-04 11:30:00-04:00,89.46599578857422,89.71800231933594,89.21299743652344,89.65950012207031,89.65950012207031,3424944.0,
2024-04-04 12:30:00-04:00,89.65800476074219,89.72899627685547,89.44999694824219,89.46649932861328,89.46649932861328,1928585.0,
2024-04-04 13:30:00-04:00,89.48100280761719,89.5999984741211,88.0999984741211,88.16999816894531,88.16999816894531,4980878.0,
2024-04-04 14:30:00-04:00,88.16555786132812,88.18099975585938,86.44999694824219,86.46599578857422,86.46599578857422,9283874.0,
2024-04-04 15:30:00-04:00,86.46599578857422,86.79698944091797,85.87999725341797,85.9020004272461,85.9020004272461,6173316.0,
2024-04-05 09:30:00-04:00,86.7030029296875,87.67100524902344,85.9260025024414,86.7770004272461,86.7770004272461,12669302.0,
2024-04-05 10:30:00-04:00,86.77799987792969,87.86198425292969,86.66200256347656,87.50999450683594,87.50999450683594,5815035.0,
2024-04-05 11:30:00-04:00,87.51469421386719,88.48100280761719,87.44599914550781,88.04899597167969,88.04899597167969,5532455.0,
2024-04-05 12:30:00-04:00,88.05900573730469,88.41500091552734,87.93501281738281,88.15900421142578,88.15900421142578,3319922.0,
2024-04-05 13:30:00-04:00,88.16450500488281,88.31900024414062,87.31099700927734,87.68949890136719,87.68949890136719,4318479.0,
2024-04-05 14:30:00-04:00,87.70100402832031,88.03099060058594,87.54000854492188,87.73249816894531,87.73249816894531,3186909.0,
2024-04-05 15:30:00-04:00,87.73124694824219,88.1969985961914,87.625,87.97999572753906,87.97999572753906,3287389.0,
2024-04-08 09:30:00-04:00,88.69599914550781,88.81999969482422,86.81099700927734,87.80000305175781,87.80000305175781,9808849.0,
2024-04-08 10:30:00-04:00,87.8125,88.13298797607422,87.38400268554688,87.60700225830078,87.60700225830078,3889233.0,45.32582428219827
2024-04-08 11:30:00-04:00,87.58900451660156,87.7145004272461,86.73300170898438,86.99549865722656,86.99549865722656,3709516.0,37.54072172917482
2024-04-08 12:30:00-04:00,86.98400115966797,87.44000244140625,86.94499969482422,87.25900268554688,87.25900268554688,2502910.0,46.065434750266334
2024-04-08 13:30:00-04:00,87.24613952636719,87.29000091552734,86.88899993896484,87.2239990234375,87.2239990234375,2073294.0,45.35457307103219
2024-04-08 14:30:00-04:00,87.21987915039062,87.37199401855469,87.0260009765625,87.25749969482422,87.25749969482422,1898744.0,50.316765237970856
2024-04-08 15:30:00-04:00,87.25700378417969,87.47000122070312,86.98200225830078,87.18800354003906,87.18800354003906,2275585.0,42.943034733852684
2024-04-09 09:30:00-04:00,87.43000030517578,87.63499450683594,84.27999877929688,84.41700744628906,84.41700744628906,12851336.0,30.78303003772121
2024-04-09 10:30:00-04:00,84.45050048828125,84.47999572753906,83.0219955444336,83.97698974609375,83.97698974609375,13165537.0,22.627384417635522
2024-04-09 11:30:00-04:00,83.94400024414062,84.99800109863281,83.5,84.66099548339844,84.66099548339844,6782422.0,26.257654426222626
2024-04-09 12:30:00-04:00,84.66400146484375,84.97100067138672,84.36900329589844,84.62899780273438,84.62899780273438,3996878.0,27.106570480691524
2024-04-09 13:30:00-04:00,84.62043762207031,84.99600219726562,84.52899932861328,84.61299896240234,84.61299896240234,3527084.0,27.9833375374223
2024-04-09 14:30:00-04:00,84.61527252197266,84.97599792480469,84.125,84.9520034790039,84.9520034790039,4249604.0,35.50136250043128
2024-04-09 15:30:00-04:00,84.94000244140625,85.37999725341797,84.66699981689453,85.36399841308594,85.36399841308594,4124070.0,46.25870105384537
2024-04-10 09:30:00-04:00,83.9020004272461,87.19999694824219,83.70899963378906,86.56199645996094,86.56199645996094,16804948.0,61.37671744328984
2024-04-10 10:30:00-04:00,86.57849884033203,87.4000015258789,86.25,86.96900177001953,86.96900177001953,7184004.0,72.93081745219247
2024-04-10 11:30:00-04:00,86.9729995727539,86.98899841308594,86.4000015258789,86.53300476074219,86.53300476074219,3206540.0,74.39999834756358
2024-04-10 12:30:00-04:00,86.56500244140625,87.0418701171875,86.32099914550781,86.82499694824219,86.82499694824219,3823066.0,76.45902040060123
2024-04-10 13:30:00-04:00,86.82450103759766,87.0,86.32587432861328,86.64948272705078,86.64948272705078,3522439.0,70.40222096851053
2024-04-10 14:30:00-04:00,86.66799926757812,87.14799499511719,85.35399627685547,86.9072036743164,86.9072036743164,3624584.0,72.85215128453383
2024-04-10 15:30:00-04:00,86.927001953125,87.20700073242188,86.72087097167969,86.98400115966797,86.98400115966797,3197817.0,74.73553326851754
2024-04-11 09:30:00-04:00,87.4000015258789,88.49600219726562,86.9260025024414,88.04249572753906,88.04249572753906,11659307.0,81.59895029284591
2024-04-11 10:30:00-04:00,88.03900146484375,88.99600219726562,87.88301086425781,88.7380599975586,88.7380599975586,6635265.0,85.45818480637955
2024-04-11 11:30:00-04:00,88.71009826660156,89.31999206542969,88.5250015258789,89.19987487792969,89.19987487792969,4372921.0,90.98122477818285
2024-04-11 12:30:00-04:00,89.19999694824219,89.87000274658203,89.13300323486328,89.78700256347656,89.78700256347656,5062113.0,93.33818044209075
2024-04-11 13:30:00-04:00,89.802001953125,90.1969985961914,89.52000427246094,90.19020080566406,90.19020080566406,4584684.0,95.46615052318553
2024-04-11 14:30:00-04:00,90.1969985961914,90.239990234375,89.73799896240234,90.18099975585938,90.18099975585938,4258716.0,96.03983757153435
2024-04-11 15:30:00-04:00,90.16300201416016,90.7389907836914,90.10704803466797,90.61599731445312,90.61599731445312,4393722.0,96.90194653655752
2024-04-12 09:30:00-04:00,89.6989974975586,90.17498779296875,88.83200073242188,89.21638488769531,89.21638488769531,10690776.0,79.02732446398947
2024-04-12 10:30:00-04:00,89.19999694824219,89.38999938964844,88.29299926757812,89.25617980957031,89.25617980957031,6382270.0,70.56771039173995
2024-04-12 11:30:00-04:00,89.26699829101562,89.55000305175781,88.66899871826172,88.7249984741211,88.7249984741211,4626748.0,55.971778552213586
2024-04-12 12:30:00-04:00,88.73649597167969,88.99800109863281,88.4000015258789,88.56500244140625,88.56500244140625,3972086.0,46.635164638999484
2024-04-12 13:30:00-04:00,88.54899597167969,88.75399780273438,88.18099975585938,88.30598449707031,88.30598449707031,3725508.0,33.78697979029255
2024-04-12 14:30:00-04:00,88.29650115966797,88.30172729492188,87.52999877929688,87.9621810913086,87.9621810913086,5652576.0,25.957452408186803
2024-04-12 15:30:00-04:00,87.95750427246094,88.47000122070312,87.94467163085938,88.22999572753906,88.22999572753906,4243479.0,22.392197253909025
2024-04-15 09:30:00-04:00,89.12849426269531,90.61299896240234,88.22999572753906,89.93444061279297,89.93444061279297,13465397.0,44.632874936576336
2024-04-15 10:30:00-04:00,89.93400573730469,90.12199401855469,88.30400085449219,88.68000030517578,88.68000030517578,5705203.0,35.43140581812825
2024-04-15 11:30:00-04:00,88.68699645996094,89.19564819335938,88.30500030517578,88.30626678466797,88.30626678466797,3773827.0,34.10077620605088
2024-04-15 12:30:00-04:00,88.30500030517578,88.35115814208984,86.77999877929688,86.85700225830078,86.85700225830078,5231174.0,25.894020499525823
2024-04-15 13:30:00-04:00,86.8844985961914,87.07188415527344,86.3330078125,86.81400299072266,86.81400299072266,5208986.0,20.1487714903178
2024-04-15 14:30:00-04:00,86.78599548339844,87.27899169921875,86.01399993896484,86.02580261230469,86.02580261230469,4653509.0,12.788126107031418
2024-04-15 15:30:00-04:00,86.03400421142578,86.68589782714844,85.92900848388672,86.0009994506836,86.0009994506836,3931664.0,10.190266631218917
2024-04-16 09:30:00-04:00,86.49000549316406,87.9000015258789,86.06800842285156,87.08200073242188,87.08200073242188,11953371.0,22.62846442922348
2024-04-16 10:30:00-04:00,87.05979919433594,87.55000305175781,86.61199951171875,87.43350982666016,87.43350982666016,5269247.0,31.892465553511634
2024-04-16 11:30:00-04:00,87.43299865722656,87.46500396728516,86.71299743652344,86.9990005493164,86.9990005493164,3206382.0,32.06940929730665
2024-04-16 12:30:00-04:00,86.98799896240234,87.77799987792969,86.90599822998047,87.46492004394531,87.46492004394531,3425265.0,42.15169838353994
2024-04-16 13:30:00-04:00,87.44801330566406,88.11399841308594,86.8010025024414,87.33250427246094,87.33250427246094,5109524.0,47.038896950831095
2024-04-16 14:30:00-04:00,87.31500244140625,88.08799743652344,87.31500244140625,87.83850860595703,87.83850860595703,3758915.0,54.28957958339538
2024-04-16 15:30:00-04:00,87.85050201416016,87.87998962402344,87.38001251220703,87.41389465332031,87.41389465332031,2586753.0,48.68546146830079
2024-04-17 09:30:00-04:00,88.30000305175781,88.7750015258789,86.03199768066406,86.69200134277344,86.69200134277344,12291620.0,45.66324834547892
2024-04-17 10:30:00-04:00,86.66700744628906,86.83900451660156,85.55500793457031,86.1760025024414,86.1760025024414,6471729.0,33.31986798281226
2024-04-17 11:30:00-04:00,86.1969985961914,86.21299743652344,84.75999450683594,85.13800048828125,85.13800048828125,6236433.0,22.863984034458603
2024-04-17 12:30:00-04:00,85.13792419433594,85.39299774169922,84.33499908447266,85.03300476074219,85.03300476074219,6449583.0,13.74172744562144
2024-04-17 13:30:00-04:00,85.052001953125,85.47999572753906,84.93400573730469,85.20700073242188,85.20700073242188,4174293.0,16.96959674728127
2024-04-17 14:30:00-04:00,85.20500183105469,85.78400421142578,84.06800842285156,84.10050201416016,84.10050201416016,6893615.0,13.294837118777135
2024-04-17 15:30:00-04:00,84.11100006103516,84.62113189697266,83.94999694824219,84.04499816894531,84.04499816894531,4846461.0,12.408952144007397
2024-04-18 09:30:00-04:00,84.97700500488281,85.0999984741211,82.4020004272461,84.58888244628906,84.58888244628906,14959178.0,21.743255500619522
2024-04-18 10:30:00-04:00,84.61715698242188,85.79199981689453,84.60499572753906,85.47100067138672,85.47100067138672,6669444.0,37.453147816192924
2024-04-18 11:30:00-04:00,85.49000549316406,86.18998718261719,85.36901092529297,86.02610778808594,86.02610778808594,4698641.0,47.25976776490883
2024-04-18 12:30:00-04:00,86.02525329589844,86.0623779296875,84.0999984741211,84.6520004272461,84.6520004272461,5967598.0,40.44572485272901
2024-04-18 13:30:00-04:00,84.66899871826172,84.87699890136719,84.2229995727539,84.65499877929688,84.65499877929688,4181825.0,40.38512245102004
2024-04-18 14:30:00-04:00,84.61599731445312,84.93299865722656,84.31500244140625,84.6780014038086,84.6780014038086,3550707.0,39.053203246761065
2024-04-18 15:30:00-04:00,84.68000030517578,85.16600036621094,84.43900299072266,84.65800476074219,84.65800476074219,2948517.0,37.39898634108208
2024-04-19 09:30:00-04:00,83.1500015258789,84.3239974975586,81.5145034790039,81.93049621582031,81.93049621582031,15037144.0,23.83613655091679
2024-04-19 10:30:00-04:00,81.92449951171875,82.66999816894531,81.28099822998047,81.86849975585938,81.86849975585938,8920753.0,20.603777136222337
2024-04-19 11:30:00-04:00,81.87800598144531,82.26350402832031,80.20800018310547,80.2249984741211,80.2249984741211,9133739.0,16.358775507710174
2024-04-19 12:30:00-04:00,80.21699523925781,81.40900421142578,80.21400451660156,80.36399841308594,80.36399841308594,7164574.0,12.481995836238326
2024-04-19 13:30:00-04:00,80.35440063476562,80.63999938964844,78.12300109863281,78.18800354003906,78.18800354003906,13162918.0,8.011255319148452
2024-04-19 14:30:00-04:00,78.13700103759766,78.64600372314453,76.2229995727539,76.94400024414062,76.94400024414062,17355551.0,6.7870988543776765
2024-04-19 15:30:00-04:00,76.95899963378906,77.11799621582031,75.60600280761719,76.21500396728516,76.21500396728516,12405866.0,5.393615631517507
2024-04-22 09:30:00-04:00,78.11100006103516,79.6259994506836,76.4000015258789,77.14099884033203,77.14099884033203,21154394.0,13.40697895357437
2024-04-22 10:30:00-04:00,77.13300323486328,78.24800109863281,76.19999694824219,77.87800598144531,77.87800598144531,8235510.0,21.41014416017328
2024-04-22 11:30:00-04:00,77.85099792480469,78.9000015258789,77.73799896240234,78.48400115966797,78.48400115966797,6387836.0,32.92018228999071
2024-04-22 12:30:00-04:00,78.5,79.5,78.15699768066406,79.47100067138672,79.47100067138672,4908690.0,45.945324548555625
2024-04-22 13:30:00-04:00,79.46699523925781,80.06999969482422,79.08000946044922,79.63800048828125,79.63800048828125,6280711.0,56.41297504793039
2024-04-22 14:30:00-04:00,79.64350128173828,80.03199768066406,79.12699890136719,79.46199798583984,79.46199798583984,5796357.0,56.07632965576738
2024-04-22 15:30:00-04:00,79.47450256347656,79.65499877929688,78.87300109863281,79.50999450683594,79.50999450683594,4398981.0,60.26800966207803
2024-04-23 09:30:00-04:00,80.79499816894531,82.4469985961914,80.26399993896484,82.38870239257812,82.38870239257812,14302588.0,76.188369399844
2024-04-23 10:30:00-04:00,82.3969955444336,82.75700378417969,81.83000946044922,82.43900299072266,82.43900299072266,8320513.0,80.79955040444142
2024-04-23 11:30:00-04:00,82.41899871826172,82.69499969482422,81.91699981689453,82.1520004272461,82.1520004272461,3995282.0,76.77322943220665
2024-04-23 12:30:00-04:00,82.1718521118164,82.22899627685547,81.46099853515625,81.8759994506836,81.8759994506836,4082518.0,72.46212202805899
2024-04-23 13:30:00-04:00,81.88130187988281,82.69898986816406,81.76936340332031,82.5780029296875,82.5780029296875,3969161.0,76.53647251588009
2024-04-23 14:30:00-04:00,82.58300018310547,82.6760025024414,82.04500579833984,82.6259994506836,82.6259994506836,3655758.0,76.44660131228304
2024-04-23 15:30:00-04:00,82.62550354003906,82.76893615722656,82.15277862548828,82.47689819335938,82.47689819335938,2945559.0,70.87502910616205
2024-04-24 09:30:00-04:00,83.9780044555664,84.08200073242188,82.21299743652344,82.97999572753906,82.97999572753906,12066327.0,76.23820099254797
2024-04-24 10:30:00-04:00,82.97933959960938,83.447998046875,81.64000701904297,81.9780044555664,81.9780044555664,6451448.0,68.72547768503267
2024-04-24 11:30:00-04:00,81.96949768066406,82.20698547363281,80.44876098632812,80.7094955444336,80.7094955444336,6919355.0,49.19870165636267
2024-04-24 12:30:00-04:00,80.71900177001953,81.62498474121094,80.06599426269531,81.47395324707031,81.47395324707031,5642180.0,48.37294675594403
2024-04-24 13:30:00-04:00,81.46500396728516,81.88600158691406,80.00800323486328,80.03254699707031,80.03254699707031,5318998.0,34.04894554431952
2024-04-24 14:30:00-04:00,80.04151153564453,80.24400329589844,79.18299865722656,79.85600280761719,79.85600280761719,7265097.0,24.943920233606086
2024-04-24 15:30:00-04:00,79.83781433105469,80.03099060058594,79.3499984741211,79.69999694824219,79.69999694824219,4248804.0,16.65454632400701
2024-04-25 09:30:00-04:00,78.86801147460938,82.41500091552734,78.2229995727539,81.99699401855469,81.99699401855469,15117301.0,40.98367333225137
2024-04-25 10:30:00-04:00,82.0219955444336,82.13809967041016,81.15499877929688,81.6538314819336,81.6538314819336,5122840.0,43.52336383840735
2024-04-25 11:30:00-04:00,81.65194702148438,82.14299774169922,81.04000091552734,82.06700134277344,82.06700134277344,3921732.0,56.939997236311555
2024-04-25 12:30:00-04:00,82.06800079345703,82.65999603271484,81.69999694824219,82.44450378417969,82.44450378417969,3876508.0,67.13164706544745
2024-04-25 13:30:00-04:00,82.44099426269531,83.19999694824219,82.43099975585938,82.56800079345703,82.56800079345703,4338588.0,77.46867679788343
2024-04-25 14:30:00-04:00,82.54600524902344,83.32299041748047,82.31999969482422,82.9384994506836,82.9384994506836,4019430.0,84.63602419455529
2024-04-25 15:30:00-04:00,82.95999908447266,82.98452758789062,82.38600158691406,82.60099792480469,82.60099792480469,2649432.0,80.60447866770578
2024-04-26 09:30:00-04:00,83.89900207519531,86.97999572753906,83.38700103759766,86.21699523925781,86.21699523925781,16754833.0,87.2731778155862
2024-04-26 10:30:00-04:00,86.21599578857422,87.41409301757812,86.11601257324219,86.99864196777344,86.99864196777344,8388977.0,88.25720723552519
2024-04-26 11:30:00-04:00,86.9990005493164,87.16200256347656,86.22599792480469,87.01530456542969,87.01530456542969,5324011.0,89.09078612055903
2024-04-26 12:30:00-04:00,87.00199890136719,88.3309326171875,86.87000274658203,88.1476821899414,88.1476821899414,6376014.0,88.89372948354553
2024-04-26 13:30:00-04:00,88.15399932861328,88.17500305175781,87.01200103759766,87.5739974975586,87.5739974975586,5931426.0,86.12137486642068
2024-04-26 14:30:00-04:00,87.58586120605469,87.84852600097656,86.88600158691406,87.80699920654297,87.80699920654297,5350161.0,82.24894869153175
2024-04-26 15:30:00-04:00,87.81599426269531,87.85700225830078,87.2280044555664,87.69000244140625,87.69000244140625,4237289.0,75.2060940430737
2024-04-29 09:30:00-04:00,87.59500122070312,87.7979965209961,85.35700225830078,87.35466003417969,87.35466003417969,14474578.0,66.75106689213123
2024-04-29 10:30:00-04:00,87.3499984741211,87.6510009765625,86.53804779052734,86.9990005493164,86.9990005493164,5837288.0,56.31544633343367
2024-04-29 11:30:00-04:00,86.9813461303711,87.18000030517578,86.4520034790039,87.10786437988281,87.10786437988281,3286033.0,53.135872516107554
2024-04-29 12:30:00-04:00,87.11998748779297,87.9520034790039,86.87999725341797,87.90449523925781,87.90449523925781,3226060.0,58.983949241899765
2024-04-29 13:30:00-04:00,87.90449523925781,87.99199676513672,87.2020034790039,87.5875015258789,87.5875015258789,3276434.0,57.62366242724909
2024-04-29 14:30:00-04:00,87.58149719238281,87.58149719238281,86.5250015258789,87.08698272705078,87.08698272705078,3451280.0,54.7374863050097
2024-04-29 15:30:00-04:00,87.11000061035156,87.95796203613281,87.08000183105469,87.74699401855469,87.74699401855469,2870984.0,58.20733089481149
2024-04-30 09:30:00-04:00,87.14199829101562,88.81300354003906,87.0727767944336,87.489501953125,87.489501953125,10654101.0,49.118264541729744
2024-04-30 10:30:00-04:00,87.44999694824219,88.18998718261719,87.00999450683594,87.49600219726562,87.49600219726562,4999835.0,42.87387072856124
2024-04-30 11:30:00-04:00,87.50999450683594,87.5469970703125,86.70002746582031,87.3499984741211,87.3499984741211,3728916.0,35.933910161645066
2024-04-30 12:30:00-04:00,87.36750030517578,87.36750030517578,86.30000305175781,86.61199951171875,86.61199951171875,3497432.0,24.992127999821598
2024-04-30 13:30:00-04:00,86.5999984741211,87.15399932861328,86.46299743652344,86.70700073242188,86.70700073242188,2632093.0,19.977140746290832
2024-04-30 14:30:00-04:00,86.70100402832031,87.18000030517578,86.65999603271484,87.03675079345703,87.03675079345703,2973648.0,27.67530703597573
2024-04-30 15:30:00-04:00,87.0234603881836,87.38899993896484,86.33499908447266,86.37000274658203,86.37000274658203,3194492.0,19.78769132440066
2024-05-01 09:30:00-04:00,85.05000305175781,85.54899597167969,83.00800323486328,83.75199890136719,83.75199890136719,11638731.0,16.47407062090712
2024-05-01 10:30:00-04:00,83.79199981689453,84.41334533691406,82.27999877929688,82.71049499511719,82.71049499511719,7344460.0,12.764757458183096
2024-05-01 11:30:00-04:00,82.69499969482422,83.09000396728516,81.25456237792969,82.25399780273438,82.25399780273438,7355081.0,11.787103529040456
2024-05-01 12:30:00-04:00,82.28700256347656,82.35399627685547,81.41999816894531,82.09899139404297,82.09899139404297,4155228.0,6.639237549402699
2024-05-01 13:30:00-04:00,82.0999984741211,83.78900146484375,81.96701049804688,83.75,83.75,6443657.0,21.46759792671777
2024-05-01 14:30:00-04:00,83.73500061035156,85.9990005493164,82.68000030517578,85.03599548339844,85.03599548339844,11032145.0,36.618358762506546
2024-05-01 15:30:00-04:00,85.02799987792969,85.02799987792969,83.0,83.0979995727539,83.0979995727539,5296868.0,31.278518076095025
2024-05-02 09:30:00-04:00,84.47999572753906,85.65599822998047,83.19999694824219,84.25050354003906,84.25050354003906,12477964.0,41.650994456768174
2024-05-02 10:30:00-04:00,84.24658966064453,85.18000030517578,83.81999969482422,84.63400268554688,84.63400268554688,5044262.0,50.29725654817381
2024-05-02 11:30:00-04:00,84.65599822998047,85.16500091552734,84.46400451660156,84.72000122070312,84.72000122070312,3328691.0,56.227842293513916
2024-05-02 12:30:00-04:00,84.71578979492188,85.5,84.2249984741211,85.48600006103516,85.48600006103516,3191249.0,63.54999238684877
2024-05-02 13:30:00-04:00,85.5,85.76898956298828,85.16300201416016,85.28900146484375,85.28900146484375,3587337.0,68.53237296811642
2024-05-02 14:30:00-04:00,85.29823303222656,86.23600006103516,85.25999450683594,86.0155029296875,86.0155029296875,4058031.0,80.23705114271088
2024-05-02 15:30:00-04:00,86.01499938964844,86.15853881835938,85.63301086425781,85.81599426269531,85.81599426269531,2925267.0,81.5146400560553
2024-05-03 09:30:00-04:00,87.78900146484375,88.94746398925781,87.04000854492188,87.86199951171875,87.86199951171875,13341628.0,87.3036658277652
2024-05-03 10:30:00-04:00,87.88700103759766,88.54000091552734,87.52600860595703,88.02458953857422,88.02458953857422,5760484.0,88.84005736863836
2024-05-03 11:30:00-04:00,88.05000305175781,88.74699401855469,87.98899841308594,88.54100036621094,88.54100036621094,4067185.0,91.37238329741868
2024-05-03 12:30:00-04:00,88.55626678466797,89.11000061035156,88.44801330566406,88.8239974975586,88.8239974975586,4038656.0,91.62326821884616
2024-05-03 13:30:00-04:00,88.8239974975586,89.19999694824219,88.61000061035156,89.12199401855469,89.12199401855469,3757541.0,93.90940972815979
2024-05-03 14:30:00-04:00,89.12650299072266,89.28099822998047,88.60200500488281,88.86299896240234,88.86299896240234,4036069.0,87.94574361617889
2024-05-03 15:30:00-04:00,88.87800598144531,88.92999267578125,88.59700012207031,88.78700256347656,88.78700256347656,2798449.0,81.58751723384815
2024-05-06 09:30:00-04:00,89.36199951171875,91.68798828125,89.05500030517578,91.23839569091797,91.23839569091797,13365123.0,83.0371782347638
2024-05-06 10:30:00-04:00,91.23699951171875,91.77498626708984,88.78900146484375,91.71400451660156,91.71400451660156,5409258.0,82.54562420455629
2024-05-06 11:30:00-04:00,91.71562194824219,91.96284484863281,91.51500701904297,91.60399627685547,91.60399627685547,3855268.0,76.75584814662
2024-05-06 12:30:00-04:00,91.62899017333984,91.99099731445312,91.44499969482422,91.71299743652344,91.71299743652344,3227923.0,77.01940624487224
2024-05-06 13:30:00-04:00,91.74498748779297,91.93299102783203,91.62001037597656,91.92150115966797,91.92150115966797,2461294.0,81.39212074930882
2024-05-06 14:30:00-04:00,91.92333984375,92.22000122070312,91.81800079345703,91.97999572753906,91.97999572753906,4023801.0,81.8898742433415
2024-05-06 15:30:00-04:00,91.96699523925781,92.16500091552734,91.67100524902344,92.16099548339844,92.16099548339844,3045041.0,82.34842984735666
2024-05-07 09:30:00-04:00,91.08599853515625,91.78099060058594,89.01200103759766,89.73600006103516,89.73600006103516,14514969.0,61.99678575089695
2024-05-07 10:30:00-04:00,89.73799896240234,90.83491516113281,89.69200134277344,90.427001953125,90.427001953125,6142070.0,60.719039332612226
2024-05-07 11:30:00-04:00,90.43199920654297,91.53999328613281,90.31599426269531,91.3969955444336,91.3969955444336,4671059.0,64.10437471217935
2024-05-07 12:30:00-04:00,91.39399719238281,91.68231964111328,91.04100799560547,91.59700012207031,91.59700012207031,3687597.0,68.64175508854468
2024-05-07 13:30:00-04:00,91.62999725341797,91.72000122070312,89.9000015258789,90.1500015258789,90.1500015258789,5275592.0,52.522392079361
2024-05-07 14:30:00-04:00,90.17198944091797,90.65900421142578,89.72100067138672,90.35399627685547,90.35399627685547,4487396.0,51.11680521354893
2024-05-07 15:30:00-04:00,90.3594970703125,90.7249984741211,90.12592315673828,90.53499603271484,90.53499603271484,2579940.0,48.15253820295572
2024-05-08 09:30:00-04:00,89.48799896240234,91.19400024414062,89.41999816894531,90.98300170898438,90.98300170898438,9952112.0,53.328353769678436
2024-05-08 10:30:00-04:00,91.0009994506836,91.11399841308594,89.53199768066406,89.9645004272461,89.9645004272461,5491736.0,36.29712809008635
2024-05-08 11:30:00-04:00,89.9645004272461,90.21798706054688,89.5405044555664,90.14586639404297,90.14586639404297,4181991.0,37.56938958443741
2024-05-08 12:30:00-04:00,90.14755249023438,90.52000427246094,89.9330062866211,89.95899963378906,89.95899963378906,2877581.0,32.06792212854242
2024-05-08 13:30:00-04:00,89.93400573730469,90.53499603271484,89.86100006103516,90.51454162597656,90.51454162597656,2632864.0,38.427565103282404
2024-05-08 14:30:00-04:00,90.51899719238281,90.5780029296875,90.06001281738281,90.36100006103516,90.36100006103516,2807993.0,35.38566513595038
2024-05-08 15:30:00-04:00,90.37498474121094,90.55000305175781,90.22200012207031,90.31700134277344,90.31700134277344,2157622.0,37.82741604286862
2024-05-09 09:30:00-04:00,90.53700256347656,91.0719985961914,88.23100280761719,88.36000061035156,88.36000061035156,12955958.0,25.490908484058508
2024-05-09 10:30:00-04:00,88.31700134277344,89.58200073242188,88.30999755859375,89.54090881347656,89.54090881347656,5855052.0,37.814460836323704
2024-05-09 11:30:00-04:00,89.55000305175781,89.6989974975586,88.68000793457031,89.11000061035156,89.11000061035156,4150344.0,32.782269924883444
2024-05-09 12:30:00-04:00,89.13764190673828,89.49564361572266,88.75199890136719,89.20726013183594,89.20726013183594,3867824.0,35.636224287881774
2024-05-09 13:30:00-04:00,89.23189544677734,89.23189544677734,88.71701049804688,89.00800323486328,89.00800323486328,2788887.0,32.844860206631964
2024-05-09 14:30:00-04:00,89.01799774169922,89.239990234375,88.50199890136719,88.67649841308594,88.67649841308594,3380138.0,29.09905278259864
2024-05-09 15:30:00-04:00,88.68400573730469,88.9260025024414,88.44999694824219,88.79000091552734,88.79000091552734,3158411.0,27.610443184485383
2024-05-10 09:30:00-04:00,90.31599426269531,91.4000015258789,89.46701049804688,89.5169906616211,89.5169906616211,13410490.0,39.4364826764258
2024-05-10 10:30:00-04:00,89.53099822998047,90.19499969482422,89.3600082397461,89.88990783691406,89.88990783691406,5357027.0,51.45043311838293
2024-05-10 11:30:00-04:00,89.89500427246094,90.04798889160156,89.23300170898438,89.77100372314453,89.77100372314453,3495866.0,57.61144085098756
2024-05-10 12:30:00-04:00,89.77723693847656,90.0198974609375,89.45800018310547,89.85900115966797,89.85900115966797,2596655.0,64.39976923058175
2024-05-10 13:30:00-04:00,89.8740005493164,90.12199401855469,89.65599822998047,89.93800354003906,89.93800354003906,2634074.0,71.1837006373111
2024-05-10 14:30:00-04:00,89.93266296386719,89.94950103759766,89.56900024414062,89.77999877929688,89.77999877929688,2339161.0,67.23602185075204
2024-05-10 15:30:00-04:00,89.78199768066406,89.98500061035156,89.56099700927734,89.88600158691406,89.88600158691406,2172975.0,73.08704292168652
2024-05-13 09:30:00-04:00,90.47000122070312,90.88700103759766,88.52899932861328,89.67050170898438,89.67050170898438,9149207.0,65.54125713769498
2024-05-13 10:30:00-04:00,89.6500015258789,90.34300231933594,89.19999694824219,89.97999572753906,89.97999572753906,4570468.0,72.61035206403194
2024-05-13 11:30:00-04:00,89.95700073242188,90.85499572753906,89.81999969482422,90.73100280761719,90.73100280761719,3898833.0,73.17891359968567
2024-05-13 12:30:00-04:00,90.74699401855469,90.99600219726562,89.87999725341797,90.2145004272461,90.2145004272461,3596173.0,66.67215861809751
2024-05-13 13:30:00-04:00,90.21299743652344,90.4000015258789,89.97200012207031,90.27799987792969,90.27799987792969,2144173.0,63.09044834174193
2024-05-13 14:30:00-04:00,90.28849792480469,90.375,90.09584045410156,90.29600524902344,90.29600524902344,1818728.0,65.82807328332146
2024-05-13 15:30:00-04:00,90.27400207519531,90.45999908447266,90.13371276855469,90.39900207519531,90.39900207519531,2201433.0,65.46464533663365
2024-05-14 09:30:00-04:00,89.5989990234375,90.82099151611328,88.94499969482422,90.69000244140625,90.69000244140625,9062354.0,72.6618151694222
2024-05-14 10:30:00-04:00,90.71049499511719,91.24600219726562,90.16799926757812,91.17949676513672,91.17949676513672,4874465.0,80.94279786591433
2024-05-14 11:30:00-04:00,91.19499206542969,91.19499969482422,90.5360107421875,90.67949676513672,90.67949676513672,3072277.0,73.42979212301245
2024-05-14 12:30:00-04:00,90.68220520019531,90.90699768066406,90.50900268554688,90.86299896240234,90.86299896240234,1851276.0,71.93829212086287
2024-05-14 13:30:00-04:00,90.86500549316406,91.54100036621094,90.61100006103516,91.34907531738281,91.34907531738281,3301272.0,76.7983498816106
2024-05-14 14:30:00-04:00,91.34950256347656,91.6510009765625,91.27708435058594,91.39000701904297,91.39000701904297,3595928.0,79.4977203248674
2024-05-14 15:30:00-04:00,91.37999725341797,91.59895324707031,91.27899932861328,91.375,91.375,2367470.0,76.51411057881928
2024-05-15 09:30:00-04:00,92.47200012207031,93.51899719238281,91.5989990234375,93.38521575927734,93.38521575927734,12993381.0,82.5287856351445
2024-05-15 10:30:00-04:00,93.39099884033203,94.47798919677734,93.3010025024414,94.05101013183594,94.05101013183594,7100580.0,87.2150399701515
2024-05-15 11:30:00-04:00,94.06956481933594,94.67500305175781,94.02999877929688,94.61399841308594,94.61399841308594,4674616.0,88.93287649008269
2024-05-15 12:30:00-04:00,94.61399841308594,94.68699645996094,94.05999755859375,94.54399871826172,94.54399871826172,3522868.0,85.96160650338092
2024-05-15 13:30:00-04:00,94.53700256347656,94.8499984741211,94.35600280761719,94.60200500488281,94.60200500488281,3552414.0,86.80835164763943
2024-05-15 14:30:00-04:00,94.60053253173828,94.76599884033203,94.35800170898438,94.59099578857422,94.59099578857422,3775007.0,81.83403910523309
2024-05-15 15:30:00-04:00,94.58549499511719,94.86100006103516,94.51901245117188,94.65599822998047,94.65599822998047,3406565.0,80.70274375442496
2024-05-16 09:30:00-04:00,94.90299987792969,95.81898498535156,94.4020004272461,95.23300170898438,95.23300170898438,11327307.0,79.66995253663057
2024-05-16 10:30:00-04:00,95.25700378417969,95.63200378417969,95.03700256347656,95.45298767089844,95.45298767089844,3925194.0,82.28361519136014
2024-05-16 11:30:00-04:00,95.44999694824219,95.54100036621094,94.67399597167969,94.95700073242188,94.95700073242188,3450020.0,76.12136200022792
2024-05-16 12:30:00-04:00,94.96800231933594,95.07498931884766,94.1030044555664,94.4469985961914,94.4469985961914,3132610.0,69.7907056516402
2024-05-16 13:30:00-04:00,94.44322204589844,94.72200012207031,94.26512145996094,94.44398498535156,94.44398498535156,2471718.0,62.6589670633232
2024-05-16 14:30:00-04:00,94.42495727539062,95.1719970703125,94.41400146484375,94.98100280761719,94.98100280761719,3015965.0,65.43653811076656
2024-05-16 15:30:00-04:00,94.98300170898438,95.00300598144531,94.28199768066406,94.37100219726562,94.37100219726562,3073840.0,48.02334851385399
2024-05-17 09:30:00-04:00,94.49400329589844,94.74000549316406,92.90309143066406,93.77899932861328,93.77899932861328,9991138.0,30.27013232166045
2024-05-17 10:30:00-04:00,93.77116394042969,94.11500549316406,93.41400909423828,93.66300201416016,93.66300201416016,4228577.0,21.704772108995115
2024-05-17 11:30:00-04:00,93.67150115966797,93.67900085449219,93.0999984741211,93.3740005493164,93.3740005493164,3099130.0,16.722627600642358
2024-05-17 12:30:00-04:00,93.35900115966797,93.45597839355469,93.04035949707031,93.19999694824219,93.19999694824219,2250788.0,10.566764447270659
2024-05-17 13:30:00-04:00,93.1989974975586,93.27400207519531,91.80999755859375,91.98149871826172,91.98149871826172,5263249.0,7.856408979305696
2024-05-17 14:30:00-04:00,91.95692443847656,92.822998046875,91.80799865722656,92.78199768066406,92.78199768066406,5069548.0,19.38100209594066
2024-05-17 15:30:00-04:00,92.77899932861328,92.81300354003906,92.30601501464844,92.49400329589844,92.49400329589844,2847044.0,22.016310062414114
2024-05-20 09:30:00-04:00,93.75,95.19999694824219,93.44000244140625,94.8215103149414,94.8215103149414,10082991.0,50.35853923111963
2024-05-20 10:30:00-04:00,94.8219985961914,94.93199920654297,94.20816040039062,94.57808685302734,94.57808685302734,4203112.0,62.34321782271227
2024-05-20 11:30:00-04:00,94.57550048828125,94.69300079345703,94.02899932861328,94.54341125488281,94.54341125488281,3505353.0,70.43703082803869
2024-05-20 12:30:00-04:00,94.52400207519531,95.16300201416016,94.47999572753906,94.71800231933594,94.71800231933594,3913351.0,74.7780181575479
2024-05-20 13:30:00-04:00,94.7125015258789,94.88200378417969,94.54920196533203,94.8604965209961,94.8604965209961,2524909.0,79.30976879338616
2024-05-20 14:30:00-04:00,94.87300109863281,95.19400024414062,94.80999755859375,95.10399627685547,95.10399627685547,3315956.0,82.50948640771698
2024-05-20 15:30:00-04:00,95.125,95.18000030517578,94.50599670410156,94.83399963378906,94.83399963378906,2552996.0,76.16753010004031
2024-05-21 09:30:00-04:00,93.5989990234375,94.3228988647461,93.18000030517578,94.05714416503906,94.05714416503906,10670317.0,66.87107552262509
2024-05-21 10:30:00-04:00,94.0780029296875,94.99600219726562,94.05000305175781,94.85900115966797,94.85900115966797,5294755.0,70.90127841359804
2024-05-21 11:30:00-04:00,94.87100219726562,95.28700256347656,94.59201049804688,95.1572494506836,95.1572494506836,3443525.0,72.57306127807308
2024-05-21 12:30:00-04:00,95.15599822998047,95.1967544555664,94.56800079345703,94.85600280761719,94.85600280761719,2697859.0,66.38633840133211
2024-05-21 13:30:00-04:00,94.86500549316406,95.04910278320312,94.77999877929688,94.79100799560547,94.79100799560547,2038795.0,63.96319146794315
2024-05-21 14:30:00-04:00,94.80899047851562,95.12399291992188,94.60277557373047,95.09349822998047,95.09349822998047,2813608.0,70.3228286889478
2024-05-21 15:30:00-04:00,95.08100128173828,95.4000015258789,95.01289367675781,95.35099792480469,95.35099792480469,3374158.0,72.95845073191927
2024-05-22 09:30:00-04:00,95.41099548339844,96.01799774169922,94.0719985961914,94.45449829101562,94.45449829101562,11782061.0,48.75686956945932
2024-05-22 10:30:00-04:00,94.44599914550781,95.03878021240234,94.32301330566406,95.02799987792969,95.02799987792969,3716495.0,59.474221840820874
2024-05-22 11:30:00-04:00,95.02799987792969,95.18000030517578,94.44000244140625,94.98167419433594,94.98167419433594,3631083.0,61.36776000087381
2024-05-22 12:30:00-04:00,94.97100067138672,95.11500549316406,94.74699401855469,94.89099884033203,94.89099884033203,3034884.0,57.92838917008222
2024-05-22 13:30:00-04:00,94.88200378417969,94.89344024658203,93.2490005493164,93.41300964355469,93.41300964355469,7369072.0,31.988171451548805
2024-05-22 14:30:00-04:00,93.41500091552734,94.22100067138672,93.30400085449219,94.21099853515625,94.21099853515625,5299540.0,41.55456471803906
2024-05-22 15:30:00-04:00,94.19400024414062,94.95999145507812,94.15999603271484,94.87000274658203,94.87000274658203,5370151.0,51.89885379671601
2024-05-23 09:30:00-04:00,102.0,104.26700592041016,101.52000427246094,104.2280044555664,104.2280044555664,28324817.0,68.39106602555651
2024-05-23 10:30:00-04:00,104.22249603271484,104.72700500488281,103.52000427246094,104.59449768066406,104.59449768066406,10495735.0,78.69034231696244
2024-05-23 11:30:00-04:00,104.5999984741211,105.19599914550781,104.41099548339844,105.15699768066406,105.15699768066406,7444822.0,88.08702995631373
2024-05-23 12:30:00-04:00,105.15879821777344,105.9739990234375,105.0,105.94998931884766,105.94998931884766,5960933.0,92.31115147295297
2024-05-23 13:30:00-04:00,105.93399810791016,106.31999206542969,103.67000579833984,104.00140380859375,104.00140380859375,10378322.0,83.25808115706718
2024-05-23 14:30:00-04:00,104.0,104.33299255371094,102.00300598144531,102.54447174072266,102.54447174072266,10620818.0,73.62151016461196
2024-05-23 15:30:00-04:00,102.56199645996094,104.19999694824219,102.56199645996094,103.82099914550781,103.82099914550781,6101258.0,70.99939322446338
2024-05-24 09:30:00-04:00,104.51800537109375,104.72798919677734,103.0,103.97283935546875,103.97283935546875,13346199.0,69.38544214791798
2024-05-24 10:30:00-04:00,104.0,104.99100494384766,103.875,104.68900299072266,104.68900299072266,5623090.0,70.12233688957276
2024-05-24 11:30:00-04:00,104.69876861572266,104.86600494384766,104.06219482421875,104.5685043334961,104.5685043334961,3444567.0,71.82542743754038
2024-05-24 12:30:00-04:00,104.58290100097656,104.99300384521484,104.510009765625,104.80400085449219,104.80400085449219,3967046.0,77.15147543752855
2024-05-24 13:30:00-04:00,104.8010025024414,105.78900146484375,104.7750015258789,105.53700256347656,105.53700256347656,4802601.0,83.11209976623795
2024-05-24 14:30:00-04:00,105.5479965209961,106.1709976196289,105.125,105.957763671875,105.957763671875,4761643.0,86.57973857627204
2024-05-24 15:30:00-04:00,105.9489974975586,106.4749984741211,105.7699966430664,106.4380111694336,106.4380111694336,4048131.0,89.27327110406324
2024-05-28 09:30:00-04:00,110.2280044555664,112.1619873046875,109.88700103759766,111.4000015258789,111.4000015258789,18523713.0,94.2966411505184
2024-05-28 10:30:00-04:00,111.40776062011719,112.4000015258789,111.3219985961914,112.16400146484375,112.16400146484375,7092034.0,96.13847433417413
2024-05-28 11:30:00-04:00,112.16072845458984,113.2699966430664,111.9699935913086,112.58799743652344,112.58799743652344,6919380.0,97.0222781858771
2024-05-28 12:30:00-04:00,112.60530090332031,114.43800354003906,112.59000396728516,114.38349914550781,114.38349914550781,7528042.0,97.7418628736893
2024-05-28 13:30:00-04:00,114.3915023803711,114.93900299072266,113.156005859375,113.48799896240234,113.48799896240234,7442477.0,90.19412845307308
2024-05-28 14:30:00-04:00,113.47700500488281,114.28599548339844,112.4000015258789,113.87300109863281,113.87300109863281,7868887.0,85.22113503299238
2024-05-28 15:30:00-04:00,113.89898681640625,114.4389877319336,112.93119812011719,114.0,114.0,5435573.0,83.44088674724634
2024-05-29 09:30:00-04:00,113.05450439453125,113.9489974975586,110.90201568603516,113.65238189697266,113.65238189697266,19424028.0,75.81734627375053
2024-05-29 10:30:00-04:00,113.6780014038086,114.8499984741211,113.4020004272461,113.66751861572266,113.66751861572266,7910847.0,68.486036020365
2024-05-29 11:30:00-04:00,113.6500015258789,114.33000183105469,113.302001953125,114.24300384521484,114.24300384521484,4629624.0,72.42424672156638
2024-05-29 12:30:00-04:00,114.23100280761719,114.94599914550781,114.1204833984375,114.59930419921875,114.59930419921875,4955865.0,77.01146313634086
2024-05-29 13:30:00-04:00,114.59748840332031,115.49200439453125,114.11100769042969,114.9209976196289,114.9209976196289,6205792.0,77.6989234486197
2024-05-29 14:30:00-04:00,114.90799713134766,115.34100341796875,114.656005859375,115.1709976196289,115.1709976196289,4781516.0,83.53246742077107
2024-05-29 15:30:00-04:00,115.14949798583984,115.3499984741211,114.22700500488281,114.7560043334961,114.7560043334961,4332985.0,81.82116381216743
2024-05-30 09:30:00-04:00,114.61700439453125,115.81915283203125,114.02099609375,114.25150299072266,114.25150299072266,12388074.0,71.09772224816011
2024-05-30 10:30:00-04:00,114.24200439453125,114.45799255371094,112.56600189208984,113.23500061035156,113.23500061035156,8774789.0,49.85754125924917
2024-05-30 11:30:00-04:00,113.23299407958984,114.25,113.15101623535156,113.8966064453125,113.8966064453125,4082517.0,44.153351569435664
2024-05-30 12:30:00-04:00,113.88199615478516,114.04200744628906,113.4020004272461,113.94000244140625,113.94000244140625,2739769.0,40.05404380982513
2024-05-30 13:30:00-04:00,113.90706634521484,114.18199157714844,113.25,113.56330871582031,113.56330871582031,3331178.0,32.971142027477484
2024-05-30 14:30:00-04:00,113.55350494384766,113.72099304199219,111.1360092163086,111.8800048828125,111.8800048828125,5874557.0,23.416129842114465
2024-05-30 15:30:00-04:00,111.90350341796875,112.093994140625,109.6719970703125,110.55400085449219,110.55400085449219,7381077.0,18.56235104516461
2024-05-31 09:30:00-04:00,112.51300048828125,112.71700286865234,109.0050048828125,109.50309753417969,109.50309753417969,14971421.0,14.272126969942695
2024-05-31 10:30:00-04:00,109.44999694824219,110.09898376464844,108.28700256347656,109.1270980834961,109.1270980834961,8808834.0,8.55387337138155
2024-05-31 11:30:00-04:00,109.17613220214844,109.29000091552734,106.94000244140625,107.2199935913086,107.2199935913086,6756449.0,6.463907433518601
2024-05-31 12:30:00-04:00,107.22532653808594,109.0199966430664,107.17399597167969,108.9260025024414,108.9260025024414,5171444.0,18.20834873386845
2024-05-31 13:30:00-04:00,108.92399597167969,109.05000305175781,107.9366455078125,108.21971130371094,108.21971130371094,4211154.0,20.71850928496126
2024-05-31 14:30:00-04:00,108.2170639038086,109.29899597167969,108.11399841308594,109.00199890136719,109.00199890136719,4447439.0,31.473559203949698
2024-05-31 15:30:00-04:00,109.0040054321289,110.375,108.95600891113281,109.7459945678711,109.7459945678711,5843684.0,42.94278407951893
2024-06-03 09:30:00-04:00,113.58935546875,114.38399505615234,113.0199966430664,114.125,114.125,13449425.0,72.97162989725328
2024-06-03 10:30:00-04:00,114.10001373291016,114.13499450683594,112.00300598144531,113.08599853515625,113.08599853515625,6430156.0,75.73896466223786
2024-06-03 11:30:00-04:00,113.0689926147461,114.15998840332031,112.71800231933594,113.19795227050781,113.19795227050781,5027979.0,78.83761799212557
2024-06-03 12:30:00-04:00,113.16600036621094,113.64998626708984,112.5040054321289,113.61500549316406,113.61500549316406,3816982.0,80.40499524133662
2024-06-03 13:30:00-04:00,113.60450744628906,114.09200286865234,113.3969955444336,113.60200500488281,113.60200500488281,3655323.0,80.69147540605779
2024-06-03 14:30:00-04:00,113.59700012207031,114.5999984741211,113.35099792480469,114.50300598144531,114.50300598144531,4079312.0,82.95828357732923
2024-06-03 15:30:00-04:00,114.51600646972656,115.0,114.10899353027344,115.0,115.0,4098723.0,84.69746979851178
2024-06-04 09:30:00-04:00,115.71700286865234,116.12300109863281,114.0999984741211,114.6199951171875,114.6199951171875,12767207.0,83.36956244643412
2024-06-04 10:30:00-04:00,114.60099792480469,115.2300033569336,114.2280044555664,114.34449768066406,114.34449768066406,4748219.0,76.91509911206944
2024-06-04 11:30:00-04:00,114.31999206542969,114.9000015258789,114.04499816894531,114.85160064697266,114.85160064697266,3357263.0,77.84922415828112
2024-06-04 12:30:00-04:00,114.86199951171875,115.5199966430664,114.677001953125,115.0689926147461,115.0689926147461,3941669.0,78.23347663083362
2024-06-04 13:30:00-04:00,115.08599853515625,115.9000015258789,114.72501373291016,115.88065338134766,115.88065338134766,3303767.0,78.84164766401827
2024-06-04 14:30:00-04:00,115.88499450683594,116.5999984741211,115.55000305175781,116.09066009521484,116.09066009521484,6138587.0,83.41919955643922
2024-06-04 15:30:00-04:00,116.08699798583984,116.52618408203125,115.53199768066406,116.4439926147461,116.4439926147461,3711841.0,89.55714739620605
2024-06-05 09:30:00-04:00,118.37199401855469,119.84898376464844,117.46800231933594,119.71820068359375,119.71820068359375,15143536.0,92.72943835483791
2024-06-05 10:30:00-04:00,119.7280044555664,119.99300384521484,119.53700256347656,119.81300354003906,119.81300354003906,5697791.0,94.79032544154401
2024-06-05 11:30:00-04:00,119.83000183105469,120.0,119.69999694824219,119.9000015258789,119.9000015258789,3993333.0,96.78795785137923
2024-06-05 12:30:00-04:00,119.89750671386719,121.22900390625,119.8219985961914,120.8685073852539,120.8685073852539,6793674.0,97.87430584072507
2024-06-05 13:30:00-04:00,120.87918853759766,121.5999984741211,120.85400390625,121.57259368896484,121.57259368896484,5304707.0,98.11535954230351
2024-06-05 14:30:00-04:00,121.55999755859375,122.35899353027344,121.4229965209961,121.82698822021484,121.82698822021484,6296734.0,98.28281043729801
2024-06-05 15:30:00-04:00,121.811279296875,122.44950103759766,121.6050033569336,122.43900299072266,122.43900299072266,4728006.0,98.47208933806706
2024-06-06 09:30:00-04:00,124.09100341796875,125.58699798583984,118.4000015258789,121.08900451660156,121.08900451660156,28192095.0,86.35163391844237
2024-06-06 10:30:00-04:00,121.1738052368164,122.38299560546875,120.0459976196289,120.46247863769531,120.46247863769531,8848457.0,75.38310464756927
2024-06-06 11:30:00-04:00,120.4020004272461,120.8699951171875,119.3375244140625,119.72700500488281,119.72700500488281,5825782.0,62.27807481972334
2024-06-06 12:30:00-04:00,119.67916107177734,120.35600280761719,118.31999206542969,119.77950286865234,119.77950286865234,7119419.0,52.48223919493698
2024-06-06 13:30:00-04:00,119.77950286865234,120.375,119.1777572631836,119.5999984741211,119.5999984741211,4158551.0,41.88152694747565
2024-06-06 14:30:00-04:00,119.5989990234375,120.4800033569336,119.4747543334961,120.1614990234375,120.1614990234375,4716411.0,45.53206229181574
2024-06-06 15:30:00-04:00,120.14399719238281,121.40199279785156,120.02703857421875,120.94100189208984,120.94100189208984,4673414.0,46.059727819712506
2024-06-07 09:30:00-04:00,119.8399658203125,119.84000396728516,118.02299499511719,118.83030700683594,118.83030700683594,11833822.0,30.3490730382474
2024-06-07 10:30:00-04:00,118.82365417480469,119.45100402832031,118.70601654052734,119.0060043334961,119.0060043334961,4379551.0,28.130521063569244
2024-06-07 11:30:00-04:00,119.02506256103516,120.79200744628906,119.0,120.78700256347656,120.78700256347656,4445828.0,46.197512671435554
2024-06-07 12:30:00-04:00,120.7800064086914,121.69171142578125,120.22100830078125,120.99749755859375,120.99749755859375,5194243.0,53.741971820159485
2024-06-07 13:30:00-04:00,120.97599792480469,121.47563171386719,119.4050064086914,120.22349548339844,120.22349548339844,4597849.0,47.18474918006155
2024-06-07 14:30:00-04:00,120.20100402832031,120.9939956665039,119.94999694824219,120.63999938964844,120.63999938964844,4110651.0,51.40474845548683
2024-06-07 15:30:00-04:00,120.63999938964844,121.26499938964844,120.5,120.86500549316406,120.86500549316406,4115987.0,66.29617566658871
2024-06-10 09:30:00-04:00,120.37999725341797,121.25,117.01000213623047,119.93000030517578,119.93000030517578,97470996.0,53.488699688982685
2024-06-10 10:30:00-04:00,119.91999816894531,122.47000122070312,119.55999755859375,122.30829620361328,122.30829620361328,52422800.0,68.21323456153036
2024-06-10 11:30:00-04:00,122.29499816894531,122.7300033569336,121.62000274658203,122.2300033569336,122.2300033569336,33786036.0,73.2344954052713
2024-06-10 12:30:00-04:00,122.2300033569336,123.0999984741211,121.88999938964844,122.08000183105469,122.08000183105469,29449166.0,74.33237945992946
2024-06-10 13:30:00-04:00,122.08940124511719,122.79000091552734,121.08000183105469,121.17500305175781,121.17500305175781,27349205.0,60.34294512159386
2024-06-10 14:30:00-04:00,121.16999816894531,122.47000122070312,120.52999877929688,122.38999938964844,122.38999938964844,33066431.0,71.80155663230892
2024-06-10 15:30:00-04:00,122.38999938964844,122.38999938964844,121.46050262451172,121.6500015258789,121.6500015258789,22007126.0,61.88551579862019
2024-06-11 09:30:00-04:00,121.79000091552734,122.87000274658203,120.66000366210938,121.02680206298828,121.02680206298828,65926569.0,51.092851933838254
2024-06-11 10:30:00-04:00,121.05500030517578,121.4000015258789,120.01000213623047,120.66999816894531,120.66999816894531,33197756.0,38.09150147099089
2024-06-11 11:30:00-04:00,120.67970275878906,120.77999877929688,118.73999786376953,120.6050033569336,120.6050033569336,40854838.0,32.9954392586607
2024-06-11 12:30:00-04:00,120.61000061035156,120.87000274658203,119.80999755859375,120.27999877929688,120.27999877929688,17406621.0,21.004513573273027
2024-06-11 13:30:00-04:00,120.28990173339844,120.97989654541016,120.04000091552734,120.93000030517578,120.93000030517578,15846329.0,30.61786483043291
2024-06-11 14:30:00-04:00,120.94000244140625,121.29000091552734,120.26000213623047,120.37000274658203,120.37000274658203,18277076.0,25.425670682078085
2024-06-11 15:30:00-04:00,120.36499786376953,120.98999786376953,120.30000305175781,120.91000366210938,120.91000366210938,14607752.0,37.316004668012305
2024-06-12 09:30:00-04:00,123.05000305175781,126.83999633789062,122.56999969482422,126.83999633789062,126.83999633789062,96498762.0,62.98897619247623
2024-06-12 10:30:00-04:00,126.83499908447266,126.87999725341797,124.7699966430664,125.54000091552734,125.54000091552734,47269209.0,68.51712598909393
2024-06-12 11:30:00-04:00,125.54000091552734,125.94999694824219,125.12999725341797,125.58000183105469,125.58000183105469,24754779.0,69.52617602531917
2024-06-12 12:30:00-04:00,125.56999969482422,126.29000091552734,125.4800033569336,125.87940216064453,125.87940216064453,22202179.0,74.68938119581226
2024-06-12 13:30:00-04:00,125.86009979248047,126.11000061035156,124.54000091552734,125.6500015258789,125.6500015258789,27222005.0,70.3287503107423
2024-06-12 14:30:00-04:00,125.63999938964844,126.16000366210938,124.16999816894531,124.44010162353516,124.44010162353516,29826604.0,58.72321986160837
2024-06-12 15:30:00-04:00,124.4800033569336,125.72949981689453,124.19000244140625,125.2699966430664,125.2699966430664,23271771.0,58.02638070359326
2024-06-13 09:30:00-04:00,129.39999389648438,129.73939514160156,127.4000015258789,128.25999450683594,128.25999450683594,91856336.0,69.09795225667891
2024-06-13 10:30:00-04:00,128.2899932861328,129.05999755859375,127.5999984741211,128.0050048828125,128.0050048828125,31939114.0,69.1235466625864
2024-06-13 11:30:00-04:00,128.0050048828125,129.0500030517578,127.72000122070312,127.81600189208984,127.81600189208984,24525940.0,69.6187444087285
2024-06-13 12:30:00-04:00,127.81500244140625,128.60000610351562,127.16000366210938,128.40879821777344,128.40879821777344,21278424.0,76.19131327105997
2024-06-13 13:30:00-04:00,128.40989685058594,128.99000549316406,128.0500030517578,128.83999633789062,128.83999633789062,17185929.0,80.880176952391
2024-06-13 14:30:00-04:00,128.8300018310547,129.72000122070312,128.77999877929688,129.08999633789062,129.08999633789062,27268436.0,82.66163531704878
2024-06-13 15:30:00-04:00,129.08999633789062,129.8000030517578,128.89999389648438,129.3699951171875,129.3699951171875,19991914.0,85.03477292610461
2024-06-14 09:30:00-04:00,129.94000244140625,132.75,128.32000732421875,132.6396942138672,132.6396942138672,96646990.0,92.58056929415409
2024-06-14 10:30:00-04:00,132.63999938964844,132.8350067138672,130.42999267578125,130.68040466308594,130.68040466308594,45049456.0,80.58492511540365
2024-06-14 11:30:00-04:00,130.67140197753906,131.39999389648438,129.1999969482422,130.67030334472656,130.67030334472656,38365593.0,73.95849512915652
2024-06-14 12:30:00-04:00,130.6699981689453,132.19000244140625,130.4600067138672,132.0323944091797,132.0323944091797,28932111.0,76.22731568324758
2024-06-14 13:30:00-04:00,132.02999877929688,132.5800018310547,131.55999755859375,131.8175048828125,131.8175048828125,27131550.0,73.87430732668459
2024-06-14 14:30:00-04:00,131.81500244140625,132.10000610351562,131.39999389648438,131.82000732421875,131.82000732421875,28247358.0,67.94822764259155
2024-06-14 15:30:00-04:00,131.82000732421875,132.07000732421875,131.57000732421875,131.97999572753906,131.97999572753906,20092283.0,69.95719094952383
2024-06-17 09:30:00-04:00,132.90499877929688,133.72999572753906,129.58009338378906,130.25,130.25,104654313.0,57.337584635928806
2024-06-17 10:30:00-04:00,130.30650329589844,131.4600067138672,130.1699981689453,131.2100067138672,131.2100067138672,34285425.0,56.866463262368804
2024-06-17 11:30:00-04:00,131.22000122070312,132.0,130.4499969482422,131.97999572753906,131.97999572753906,28985968.0,61.096988405899914
2024-06-17 12:30:00-04:00,131.98500061035156,132.4600067138672,131.6199951171875,131.94000244140625,131.94000244140625,25974696.0,67.80957332252483
2024-06-17 13:30:00-04:00,131.94000244140625,132.52999877929688,131.8300018310547,132.0749969482422,132.0749969482422,21674725.0,69.9871078086423
2024-06-17 14:30:00-04:00,132.0800018310547,132.5800018310547,132.02000427246094,132.25,132.25,21273256.0,76.51429972500283
2024-06-17 15:30:00-04:00,132.24000549316406,132.42999267578125,130.9600067138672,131.08999633789062,131.08999633789062,24008812.0,61.15972769578542
2024-06-18 09:30:00-04:00,131.0399932861328,133.7198944091797,130.6999969482422,133.05999755859375,133.05999755859375,78263233.0,77.81030379077636
2024-06-18 10:30:00-04:00,133.07000732421875,133.5800018310547,132.6999969482422,133.47000122070312,133.47000122070312,31207876.0,79.89714463175874
2024-06-18 11:30:00-04:00,133.46180725097656,134.8000030517578,133.32000732421875,134.44569396972656,134.44569396972656,35425830.0,86.0558634176528
2024-06-18 12:30:00-04:00,134.44000244140625,135.72999572753906,134.25,135.6199951171875,135.6199951171875,34389569.0,86.72595405048209
2024-06-18 13:30:00-04:00,135.639892578125,136.3300018310547,135.07000732421875,135.875,135.875,38022838.0,92.02546767748207
2024-06-18 14:30:00-04:00,135.86500549316406,136.22000122070312,135.33999633789062,135.72000122070312,135.72000122070312,28647978.0,87.4411803038909
2024-06-18 15:30:00-04:00,135.71009826660156,136.0,135.02000427246094,135.67999267578125,135.67999267578125,23745246.0,82.16384784743245
2024-06-20 09:30:00-04:00,139.85000610351562,140.75999450683594,136.1300048828125,138.15159606933594,138.15159606933594,146856803.0,83.20395161431624
2024-06-20 10:30:00-04:00,138.16000366210938,139.52999877929688,137.85000610351562,138.98899841308594,138.98899841308594,45306162.0,83.15587901068871
2024-06-20 11:30:00-04:00,138.98599243164062,139.0,134.07000732421875,134.14500427246094,134.14500427246094,58924575.0,55.62147814281492
2024-06-20 12:30:00-04:00,134.13999938964844,134.57000732421875,130.5500030517578,131.24000549316406,131.24000549316406,76306044.0,37.321701457897134
2024-06-20 13:30:00-04:00,131.2436065673828,133.3000030517578,129.52999877929688,133.1103057861328,133.1103057861328,63217513.0,39.28163632424137
2024-06-20 14:30:00-04:00,133.11000061035156,133.2899932861328,129.8300018310547,131.29840087890625,131.29840087890625,44957208.0,27.369720214630853
2024-06-20 15:30:00-04:00,131.29989624023438,132.50999450683594,130.60000610351562,130.72000122070312,130.72000122070312,35806912.0,20.902184610917214
2024-06-21 09:30:00-04:00,127.0,128.77999877929688,124.30000305175781,125.68000030517578,125.68000030517578,167898676.0,16.39314774668842
2024-06-21 10:30:00-04:00,125.64009857177734,128.88999938964844,125.12999725341797,128.2899932861328,128.2899932861328,57256665.0,25.852610865534217
2024-06-21 11:30:00-04:00,128.30990600585938,130.6300048828125,127.58999633789062,129.08999633789062,129.08999633789062,50080293.0,29.898660154162123
2024-06-21 12:30:00-04:00,129.0959930419922,129.69000244140625,126.44999694824219,126.8499984741211,126.8499984741211,40958655.0,25.89733595450581
2024-06-21 13:30:00-04:00,126.83999633789062,127.10990142822266,126.0199966430664,126.66500091552734,126.66500091552734,43201862.0,25.383715736251673
2024-06-21 14:30:00-04:00,126.66000366210938,127.19000244140625,126.1500015258789,126.73500061035156,126.73500061035156,32091365.0,28.298858856976285
2024-06-21 15:30:00-04:00,126.73500061035156,127.06999969482422,125.0999984741211,127.05999755859375,127.05999755859375,40322778.0,30.563699474878565
2024-06-24 09:30:00-04:00,122.94000244140625,124.45999908447266,120.73999786376953,120.88999938964844,120.88999938964844,118175409.0,21.789995354700327
2024-06-24 10:30:00-04:00,120.8499984741211,121.88999938964844,118.29000091552734,119.81999969482422,119.81999969482422,101678036.0,20.50863486156573
2024-06-24 11:30:00-04:00,119.82499694824219,121.1500015258789,119.37999725341797,120.76000213623047,120.76000213623047,44960252.0,26.616738887967053
2024-06-24 12:30:00-04:00,120.75,121.31999969482422,119.0,119.31500244140625,119.31500244140625,40844824.0,23.642619361564847
2024-06-24 13:30:00-04:00,119.31500244140625,119.92919921875,118.51000213623047,118.66999816894531,118.66999816894531,36757889.0,18.533986662560125
2024-06-24 14:30:00-04:00,118.66999816894531,120.68000030517578,118.35009765625,120.37999725341797,120.37999725341797,41572729.0,27.786710935072687
2024-06-24 15:30:00-04:00,120.37000274658203,120.9000015258789,118.04000091552734,118.06999969482422,118.06999969482422,40907632.0,27.125850472610523
2024-06-25 09:30:00-04:00,121.19999694824219,122.62000274658203,119.31999969482422,121.9999008178711,121.9999008178711,127924813.0,39.5157278009411
2024-06-25 10:30:00-04:00,121.98400115966797,124.3499984741211,121.41999816894531,124.11000061035156,124.11000061035156,59868901.0,50.678156751932185
2024-06-25 11:30:00-04:00,124.09500122070312,125.58999633789062,123.91000366210938,124.56999969482422,124.56999969482422,51742634.0,66.52667658273289
2024-06-25 12:30:00-04:00,124.56999969482422,125.30999755859375,123.04010009765625,124.37000274658203,124.37000274658203,40123900.0,67.92988016837691
2024-06-25 13:30:00-04:00,124.36000061035156,125.16999816894531,123.94999694824219,125.12920379638672,125.12920379638672,28842240.0,75.25584618608026
2024-06-25 14:30:00-04:00,125.12000274658203,126.36000061035156,124.62000274658203,126.31999969482422,126.31999969482422,34177398.0,81.25348321389056
2024-06-25 15:30:00-04:00,126.31999969482422,126.5,125.56999969482422,126.25,126.25,32599183.0,85.38709273530745
2024-06-26 09:30:00-04:00,126.1500015258789,128.1199951171875,124.37999725341797,125.13990020751953,125.13990020751953,106119299.0,77.5446445654611
2024-06-26 10:30:00-04:00,125.11000061035156,125.86000061035156,122.5999984741211,123.410400390625,123.410400390625,66126499.0,67.03589398908193
2024-06-26 11:30:00-04:00,123.41999816894531,124.98999786376953,122.91000366210938,124.45010375976562,124.45010375976562,36856476.0,65.44650455574227
2024-06-26 12:30:00-04:00,124.45999908447266,124.87999725341797,123.12000274658203,123.87000274658203,123.87000274658203,31378839.0,58.37953889898364
2024-06-26 13:30:00-04:00,123.87000274658203,124.18000030517578,123.2699966430664,123.59590148925781,123.59590148925781,22246109.0,51.383430010843924
2024-06-26 14:30:00-04:00,123.59989929199219,124.44989776611328,122.86000061035156,124.39399719238281,124.39399719238281,27273395.0,56.8089398116947
2024-06-26 15:30:00-04:00,124.38999938964844,126.4800033569336,124.22000122070312,126.44999694824219,126.44999694824219,37210223.0,69.29966927315793
2024-06-27 09:30:00-04:00,124.0,126.40499877929688,123.75,124.55500030517578,124.55500030517578,72053266.0,51.03106797644902
2024-06-27 10:30:00-04:00,124.55999755859375,124.95999908447266,123.33000183105469,123.54000091552734,123.54000091552734,35910486.0,36.79223003574449
2024-06-27 11:30:00-04:00,123.52999877929688,124.18000030517578,122.94000244140625,124.16000366210938,124.16000366210938,30796076.0,39.852340537497625
2024-06-27 12:30:00-04:00,124.1500015258789,124.80000305175781,124.02999877929688,124.61000061035156,124.61000061035156,25678151.0,43.727724936579136
2024-06-27 13:30:00-04:00,124.61000061035156,125.08000183105469,124.19000244140625,124.52999877929688,124.52999877929688,16594108.0,44.268007988471425
2024-06-27 14:30:00-04:00,124.5250015258789,125.0,123.87000274658203,124.30999755859375,124.30999755859375,20853277.0,42.996363457792725
2024-06-27 15:30:00-04:00,124.30690002441406,124.37999725341797,122.91999816894531,124.08999633789062,124.08999633789062,23652931.0,40.47919755374402
2024-06-28 09:30:00-04:00,124.57499694824219,127.70999908447266,123.41999816894531,126.80599975585938,126.80599975585938,78660336.0,63.873631307949225
2024-06-28 10:30:00-04:00,126.80999755859375,127.19999694824219,125.11000061035156,125.95999908447266,125.95999908447266,45426717.0,59.5364681893898
2024-06-28 11:30:00-04:00,125.95500183105469,126.48999786376953,124.2699966430664,124.70500183105469,124.70500183105469,31025455.0,47.88782891415376
2024-06-28 12:30:00-04:00,124.70500183105469,124.83999633789062,122.88999938964844,124.08499908447266,124.08499908447266,34866391.0,36.70118679817428
2024-06-28 13:30:00-04:00,124.08999633789062,124.58999633789062,123.77010345458984,123.96399688720703,123.96399688720703,20565057.0,30.607906784170314
2024-06-28 14:30:00-04:00,123.97000122070312,124.41999816894531,123.86000061035156,123.87449645996094,123.87449645996094,19840275.0,22.362427108776792
2024-06-28 15:30:00-04:00,123.87989807128906,124.69000244140625,122.75,123.44000244140625,123.44000244140625,31712827.0,14.19246047710637
2024-07-01 09:30:00-04:00,123.45500183105469,123.77999877929688,118.83000183105469,121.86229705810547,121.86229705810547,103223013.0,10.529660274215953
2024-07-01 10:30:00-04:00,121.87999725341797,124.25,121.31999969482422,124.09989929199219,124.09989929199219,42716633.0,27.71128966918471
2024-07-01 11:30:00-04:00,124.09500122070312,124.83999633789062,122.81999969482422,124.30999755859375,124.30999755859375,34102624.0,36.71140020024584
2024-07-01 12:30:00-04:00,124.31999969482422,124.41000366210938,122.8499984741211,123.70999908447266,123.70999908447266,23718918.0,37.97084289391766
2024-07-01 13:30:00-04:00,123.69999694824219,124.5,123.13999938964844,124.0198974609375,124.0198974609375,22398563.0,43.74032406624066
2024-07-01 14:30:00-04:00,124.01000213623047,124.70999908447266,123.80000305175781,124.29109954833984,124.29109954833984,19875552.0,51.93954199458775
2024-07-01 15:30:00-04:00,124.29000091552734,124.52999877929688,123.54399871826172,124.18000030517578,124.18000030517578,18142724.0,52.063072581181984
2024-07-02 09:30:00-04:00,121.08999633789062,123.41000366210938,121.02999877929688,121.5198974609375,121.5198974609375,70582013.0,33.26863933963326
2024-07-02 10:30:00-04:00,121.51000213623047,122.25,121.19000244140625,121.73049926757812,121.73049926757812,32799393.0,31.995609984256042
2024-07-02 11:30:00-04:00,121.73999786376953,122.63999938964844,121.55999755859375,122.59500122070312,122.59500122070312,21961386.0,40.244216104988844
2024-07-02 12:30:00-04:00,122.5999984741211,123.36000061035156,122.45999908447266,122.9999008178711,122.9999008178711,20690800.0,46.87771377702892
2024-07-02 13:30:00-04:00,123.0,123.05999755859375,122.31999969482422,122.72000122070312,122.72000122070312,16128516.0,46.256230940157025
2024-07-02 14:30:00-04:00,122.72000122070312,122.88999938964844,122.12999725341797,122.3196029663086,122.3196029663086,17250237.0,42.59820871382113
2024-07-02 15:30:00-04:00,122.30999755859375,122.70999908447266,121.77999877929688,122.66000366210938,122.66000366210938,18584269.0,49.08750862031001
2024-07-03 09:30:00-04:00,122.04499816894531,122.76000213623047,121.36000061035156,121.79000091552734,121.79000091552734,54930564.0,35.36691443633923
2024-07-03 10:30:00-04:00,121.80000305175781,126.12999725341797,121.58999633789062,126.03990173339844,126.03990173339844,60513686.0,62.04025989473219
2024-07-03 11:30:00-04:00,126.04000091552734,128.00999450683594,125.6500015258789,127.99500274658203,127.99500274658203,47482022.0,70.47115554080288
